과목,질문,꿀팁 한문장,난이도,키워드들,카테고리들,영어질문,영어꿀팁,영어키워드,영어카테고리,참고답안,영어참고답안
컴퓨터구조,비트와 바이트의 차이점과 데이터를 표현하는 기본 단위에 대해 설명해주세요,비트는 0과 1을 표현하는 최소 단위이며 8비트가 모여 1바이트가 됨,하,"비트, 바이트, 데이터 단위",데이터와 표현,Explain the difference between bits and bytes and the basic units of data representation,"A bit is the smallest unit representing 0 and 1, and 8 bits form 1 byte","Bits, Bytes, Data Units",Data Representation,"비트는 컴퓨터가 데이터를 처리하는 최소 단위로, 0 또는 1의 두 가지 상태만을 표현합니다. 이러한 비트가 8개 모여 1바이트가 되는데, 이는 영문자 한 글자를 저장할 수 있는 수준의 데이터 단위가 됩니다. 예를 들어, 8비트로 구성된 1바이트는 $2^8$인 256가지의 정보를 표현할 수 있어 실질적인 정보 처리의 기본이 됩니다.","A bit is the smallest unit of data representation in a computer, capable of signifying either 0 or 1. When 8 bits are grouped together, they form 1 byte. These bits and bytes are the fundamental data units used to measure information, where 1 byte can represent a single character, such as 'A', using 256 different combinations."
컴퓨터구조,컴퓨터에서 음수를 표현하는 방식과 부호 비트의 역할은 무엇인가요,"최상위 비트를 부호 비트로 사용하여 0은 양수, 1은 음수를 나타냄",중,"음수 표현, 부호 비트",데이터와 표현,How are negative numbers represented in computers and what is the role of the sign bit?,"The Most Significant Bit (MSB) is used as a sign bit: 0 for positive, 1 for negative","Negative Representation, Sign Bit",Data Representation,"컴퓨터에서 음수 표현을 하기 위해 보통 최상위 비트(MSB)를 부호 비트로 활용합니다. 이 비트가 0이면 양수, 1이면 음수를 나타내도록 약속한 것입니다. 예를 들어 8비트 체계에서 00000001은 +1을 의미하지만, 부호 비트가 1인 10000001은 음수를 나타내는 방식으로 동작하여 데이터의 방향성을 결정합니다.","To handle negative representation in binary, computers use the Most Significant Bit (MSB) as a sign bit. A sign bit of 0 indicates a positive number, while 1 indicates a negative number. This allows the system to distinguish between positive and negative values within the same data structure by observing the leading bit."
컴퓨터구조,음수를 저장할 때 사용하는 2의 보수 연산 과정에 대해 설명해주세요,"모든 비트를 반전시킨 후 1을 더하여 음수를 양수로, 양수를 음수로 변환함",중,"2의 보수, 비트 반전",데이터와 표현,Explain the process of 2's complement arithmetic used to store negative numbers,Convert numbers by inverting all bits and adding 1 (2's complement),"2's Complement, Bit Inversion",Data Representation,"컴퓨터는 음수 표현을 보다 효율적으로 계산하기 위해 2의 보수 방식을 사용합니다. 어떤 양수를 음수로 바꾸려면 먼저 모든 비트를 반전시키는 비트 반전(1의 보수)을 수행한 뒤, 그 결과에 1을 더합니다. 예를 들어 3($0011_2$)의 비트를 반전하면 $1100_2$이 되고, 여기에 1을 더한 $1101_2$이 -3이 됩니다. 이 방식은 가산기만으로 뺄셈을 처리할 수 있게 해줍니다.","2's complement is the standard method for representing negative integers. The process involves a bit inversion (NOT operation) on the positive value, followed by adding 1 to the result. For instance, to convert $+5$ to $-5$, you flip all the bits and add 1, ensuring that the addition of a number and its 2's complement correctly results in zero at the hardware level."
컴퓨터구조,부동소수점 방식이 무엇이며 실수를 표현하는 국제 표준에 대해 알고 있나요,IEEE 754 표준을 따르며 지수와 가수로 나누어 실수를 정밀하게 표현함,상,"부동소수점, IEEE 754",데이터와 표현,What is the floating-point method and the international standard (IEEE 754) for representing real numbers?,"Follows IEEE 754 standard, representing real numbers using exponent and mantissa","Floating Point, IEEE 754",Data Representation,"부동소수점 방식은 실수를 부호, 지수, 가수의 세 부분으로 나누어 표현하는 방식입니다. 현재 대부분의 컴퓨터 시스템은 IEEE 754라는 국제 표준을 따르고 있습니다. 이 표준을 사용하면 소수점의 위치를 고정하지 않고 '떠다니게(floating)' 처리하므로, 아주 작은 미세한 수부터 매우 큰 수까지 정밀하게 계산할 수 있습니다.","The floating point method represents real numbers by breaking them into a sign, an exponent, and a mantissa. The IEEE 754 is the universal technical standard for this representation. By following the IEEE 754 standard, computers can represent a vast range of fractional values with high precision by dynamically shifting the decimal point."
컴퓨터구조,부동소수점 방식이 고정소수점 방식보다 실무에서 선호되는 이유는 무엇인가요,정규화를 거치기 때문에 고정소수점보다 훨씬 넓은 범위의 수를 표현할 수 있음,상,"부동소수점, 표현 범위",데이터와 표현,Why is the floating-point method preferred over the fixed-point method in practice?,Represents a wider range of numbers than fixed-point due to normalization,"Floating Point, Representation Range",Data Representation,"실무에서 부동소수점 방식이 고정소수점보다 선호되는 핵심 이유는 훨씬 넓은 표현 범위 때문입니다. 고정소수점은 소수점 위치가 정해져 있어 다룰 수 있는 수의 크기가 제한적이지만, 부동소수점은 유효 숫자를 나타내는 가수와 크기를 나타내는 지수를 분리하여 매우 유연하게 수를 표현합니다. 덕분에 과학 계산이나 그래픽 처리처럼 정밀도가 중요한 분야에서 필수적으로 사용됩니다.","Floating point is preferred over fixed-point arithmetic because it offers a significantly larger representation range. While fixed-point is limited by its static decimal position, the floating point method uses an exponent to scale numbers, allowing for the handling of both extremely large and extremely small values within the same number of bits."
컴퓨터구조,"아스키코드와 유니코드의 차이, 그리고 UTF-8 인코딩의 특징을 설명해주세요",유니코드는 전 세계 문자를 수용하며 UTF-8은 가변 길이를 통해 공간을 절약함,상,"아스키코드, 유니코드, UTF-8",데이터와 표현,"Explain the differences between ASCII and Unicode, and the characteristics of UTF-8 encoding","Unicode covers all characters, and UTF-8 saves space through variable length","ASCII, Unicode, UTF-8",Data Representation,"아스키코드는 7비트를 사용하여 영문자와 기호만을 표현하는 초창기 규격입니다. 이후 전 세계 모든 문자를 수용하기 위해 유니코드라는 통합 표준이 등장했습니다. UTF-8은 이러한 유니코드를 효율적으로 저장하는 인코딩 방식으로, 문자에 따라 1바이트에서 4바이트까지 가변 길이를 사용하여 저장 공간을 절약한다는 특징이 있습니다.","While ASCII was limited to English characters, Unicode was developed to encompass all written languages globally. UTF-8 is a character encoding for Unicode that is highly efficient because it uses variable lengths. Unlike fixed-width encodings, UTF-8 optimizes space by using fewer bytes for common characters like those in ASCII."
컴퓨터구조,컴퓨터 하드웨어를 구성하는 핵심 요소들과 그 기능을 간단히 말씀해주세요,"CPU, 메모리, 입출력 장치로 구성되며 데이터 처리와 저장을 담당함",하,"하드웨어 구성, CPU, 메모리",컴퓨터의 구성,Briefly describe the core components of computer hardware and their functions,"Composed of CPU, memory, and I/O devices for data processing and storage","Hardware Components, CPU, Memory",Computer Organization,"컴퓨터의 하드웨어 구성은 크게 CPU, 메모리, 입출력 장치로 나뉩니다. CPU는 인간의 두뇌처럼 연산과 제어를 담당하고, 메모리는 실행 중인 프로그램과 데이터를 임시로 저장하는 역할을 수행합니다. 이 요소들이 유기적으로 연결되어야만 우리가 원하는 복잡한 소프트웨어를 구동할 수 있습니다.","Core hardware components consist of the CPU, memory, and I/O devices. The CPU acts as the brain, executing instructions and processing data, while memory provides the necessary workspace to store active data and programs. Together, these components define the basic architecture of a functional computer system."
컴퓨터구조,시스템 버스의 종류와 각 버스가 전달하는 정보는 무엇인가요,"데이터, 주소, 제어 버스로 나뉘어 장치 간 데이터와 제어 신호를 주고받음",중,"시스템 버스, 데이터 버스",컴퓨터의 구성,What are the types of system buses and what information does each bus transmit?,"Split into data, address, and control buses to exchange signals between devices","System Bus, Data Bus",Computer Organization,"시스템 버스는 하드웨어 구성 요소 간에 데이터를 주고받는 통로이며, 역할에 따라 세 가지로 구분됩니다. 실제 데이터가 이동하는 데이터 버스, 데이터의 주소값을 전달하는 주소 버스, 그리고 CPU가 각 장치에 명령을 내리는 제어 버스가 있습니다. 이 버스들이 조화롭게 작동해야 컴퓨터 내부의 통신이 막힘없이 이루어집니다.","The system bus is a communication pathway that connects the main components of a computer. It is divided into the data bus, which carries the actual information; the address bus, which specifies locations; and the control bus, which carries commands. The system bus ensures efficient synchronization between the CPU, memory, and peripherals."
컴퓨터구조,CPU가 메모리에서 데이터를 읽어오는 과정을 시스템 버스 관점에서 설명해주세요,주소 버스로 위치를 찍고 제어 버스로 신호를 보낸 후 데이터 버스로 값을 읽음,중,"데이터 읽기, 시스템 버스",컴퓨터의 구성,Explain the process of the CPU reading data from memory from a system bus perspective,"Locates via address bus, signals via control bus, and reads via data bus","Data Reading, System Bus",Computer Organization,"CPU가 메모리에서 값을 가져오는 데이터 읽기 과정은 시스템 버스를 통해 단계별로 진행됩니다. 먼저 CPU가 주소 버스에 읽고자 하는 주소를 실어 보내고, 제어 버스를 통해 '읽기' 신호를 메모리에 전달합니다. 그러면 메모리는 해당 위치의 값을 데이터 버스에 태워 CPU로 전달하게 됩니다.","In the process of data reading, the CPU utilizes the system bus to interact with memory. The CPU first places the target address on the address bus and sends a read signal through the control bus. Subsequently, the requested information is transferred back to the CPU via the data bus, completing the retrieval cycle."
컴퓨터구조,"CPU의 내부 구성 요소인 ALU, 제어장치, 레지스터의 역할을 설명해주세요","ALU는 연산을, 제어장치는 명령 해석을, 레지스터는 임시 저장을 담당함",중,"CPU, ALU, 제어장치, 레지스터",CPU 구성과 기능,"Explain the roles of the internal CPU components: ALU, Control Unit, and Registers","ALU handles arithmetic, Control Unit decodes, and Registers store temporarily","CPU, ALU, Control Unit, Registers",CPU Structure & Function,"CPU는 컴퓨터의 두뇌로서 핵심적인 세 가지 요소로 구성됩니다. 산술 및 논리 연산을 수행하는 ALU, 명령어의 의미를 해석하고 각 장치에 신호를 보내 관리하는 제어장치, 그리고 처리 중인 데이터와 명령어를 아주 빠르게 임시 저장하는 레지스터가 유기적으로 협력하여 연산을 처리합니다.","The CPU is the central processing unit composed of the ALU for arithmetic and logic operations, the Control Unit for decoding instructions and managing hardware signals, and Registers for storing temporarily necessary data during execution. These components work together to process all system instructions."
컴퓨터구조,프로그램 카운터(PC) 레지스터가 수행하는 핵심 역할은 무엇인가요,다음에 메모리에서 인출하여 실행할 명령어의 주소를 보관하는 네비게이션 역할임,상,"프로그램 카운터, 레지스터",CPU 구성과 기능,What is the core role performed by the Program Counter (PC) register?,Acts as navigation by storing the address of the next instruction to fetch,"Program Counter, Register",CPU Structure & Function,"프로그램 카운터는 CPU 내부의 핵심적인 레지스터 중 하나로, 메모리에서 다음에 가져올 명령어의 주소를 보관하는 역할을 합니다. CPU가 명령어를 실행할 때마다 다음 주소를 가리키게 되므로, 프로그램이 순차적으로 실행될 수 있도록 돕는 네비게이션 역할을 수행한다고 볼 수 있습니다.","The Program Counter is a crucial Register that stores the memory address of the next instruction to be fetched. It effectively acts as a navigation tool for the CPU, ensuring the processor follows the correct sequence of program execution by updating the address after each fetch."
컴퓨터구조,"명령어 사이클의 인출, 해독, 실행 단계가 어떻게 진행되는지 설명해주세요",메모리에서 명령을 가져와 해석한 뒤 실제 연산을 수행하는 하드웨어의 반복임,중,"명령어 사이클, 인출, 해독, 실행",CPU 구성과 기능,"Explain how the fetch, decode, and execute stages of the instruction cycle proceed","Hardware cycle of fetching instructions, decoding, and executing operations","Instruction Cycle, Fetch, Decode, Execute",CPU Structure & Function,"명령어 사이클은 CPU가 하나의 명령을 처리하는 반복적인 과정을 의미합니다. 먼저 메모리에서 명령어를 가져오는 인출 단계를 거치고, 가져온 명령이 어떤 동작인지 분석하는 해독 단계를 지나, 실제로 연산을 수행하는 실행 단계로 이어집니다. 이 과정이 하드웨어에서 끊임없이 반복되며 프로그램이 구동됩니다.","The Instruction Cycle is a repetitive hardware process consisting of three main stages: Fetch, where the instruction is retrieved from memory; Decode, where the instruction is interpreted; and Execute, where the actual operation is performed. This cycle repeats continuously to process program instructions."
컴퓨터구조,명령어의 구조를 연산코드와 오퍼랜드 관점에서 설명해주세요,연산코드는 수행할 동작을 정의하고 오퍼랜드는 그 동작의 대상 데이터를 의미함,상,"연산코드, 오퍼랜드",CPU 동작 원리,Explain the structure of an instruction in terms of opcode and operands,"Opcode defines the operation, while operands specify the target data","Opcode, Operand",CPU Operating Principles,"컴퓨터 명령어는 크게 연산코드와 오퍼랜드라는 두 가지 구조로 이루어집니다. 연산코드는 '더하기', '로드'와 같이 수행할 구체적인 동작을 정의하는 부분이며, 오퍼랜드는 그 동작을 수행할 대상이 되는 실제 데이터 값이나 데이터가 저장된 메모리 주소를 의미합니다.","An instruction is structured into two parts: the Opcode, which defines the specific operation to be performed (such as ADD or LOAD), and the Operand, which specifies the target data or the memory address that the operation will act upon during execution."
컴퓨터구조,"직접, 간접, 즉시 주소 지정 방식의 차이점은 무엇인가요",오퍼랜드 필드가 실제 데이터인지 혹은 데이터의 주소인지에 따라 구분됨,중,"주소지정 방식, 직접주소",CPU 동작 원리,"What are the differences between direct, indirect, and immediate addressing modes?",Classified by whether the operand field is actual data or a memory address,"Addressing Mode, Direct Addressing",CPU Operating Principles,"주소지정 방식은 명령어의 오퍼랜드 필드에 있는 정보를 바탕으로 실제 데이터가 위치한 주소를 찾아내는 규칙입니다. 그중 직접주소 지정 방식은 오퍼랜드 필드에 데이터가 담긴 메모리 주소를 직접 명시하는 가장 직관적인 형태로, 메모리 참조 횟수를 줄이면서 데이터를 가져올 수 있는 방식입니다.","An Addressing Mode is a method used to determine how the operand of an instruction is interpreted to find the effective address. In Direct Addressing, the operand field contains the actual memory address where the data is stored, allowing the CPU to access the required data directly from that location."
컴퓨터구조,CISC와 RISC 설계 방식의 차이점과 각 아키텍처의 특징을 비교해주세요,"CISC는 복잡하고 가변적인 명령을, RISC는 단순하고 고정된 명령을 사용함",중,"CISC, RISC, 명령어 집합",CPU 동작 원리,Compare the differences and characteristics of CISC and RISC architectures,CISC uses complex variable instructions; RISC uses simple fixed instructions,"CISC, RISC, Instruction Set",CPU Operating Principles,"CISC는 복잡하고 다양한 명령어 집합을 제공하여 소프트웨어 작성이 편리하지만 하드웨어 구조가 복잡해지는 설계 방식입니다. 반면 RISC는 자주 사용되는 단순하고 고정된 길이의 명령어만을 사용하여 하드웨어를 최적화하고 속도를 높인 아키텍처로, 현대 고성능 프로세서에서 널리 활용됩니다.","CISC and RISC represent two different approaches to Instruction Set architecture. CISC focuses on providing a complex and variable-length instruction set for easier programming, while RISC utilizes a simple, fixed-length instruction set to improve hardware performance and execution efficiency."
컴퓨터구조,인터럽트의 개념과 하드웨어 인터럽트가 처리되는 과정을 말씀해주세요,수행 중인 작업을 멈추고 긴급 이벤트를 처리한 뒤 인터럽트 벡터를 통해 복귀함,상,"인터럽트, 서비스 루틴",CPU 동작 원리,Explain the concept of interrupts and the process of handling hardware interrupts,Stops tasks for urgent events and returns via the interrupt vector,"Interrupt, Service Routine",CPU Operating Principles,"인터럽트는 CPU가 프로그램을 실행하고 있을 때 예외적인 상황이나 긴급 이벤트가 발생하여 현재 작업을 일시 중단하는 메커니즘입니다. 인터럽트가 발생하면 CPU는 현재 상태를 보존한 뒤 해당 사건을 처리하는 서비스 루틴을 실행하고, 처리가 끝나면 다시 원래의 작업으로 복귀하게 됩니다.","An Interrupt is a signal that pauses current tasks to handle urgent hardware or software events immediately. When triggered, the CPU saves its current state, executes a specific Interrupt Service Routine to address the event, and then resumes the previous operation from where it left off."
컴퓨터구조,명령어 파이프라이닝을 통해 CPU 성능을 높이는 원리는 무엇인가요,하나의 명령이 끝날 때까지 기다리지 않고 여러 명령을 단계별로 동시 실행함,상,"파이프라이닝, 병렬 처리",CPU 동작 원리,What is the principle behind increasing CPU performance through instruction pipelining?,Executes multiple instructions concurrently in stages without waiting,"Pipelining, Parallel Processing",CPU Operating Principles,"파이프라이닝은 하나의 명령어 처리가 완전히 끝날 때까지 기다리지 않고, 여러 명령어를 단계별로 겹쳐서 동시에 실행함으로써 CPU의 성능을 높이는 기법입니다. 이는 공장의 조립 라인과 유사한 원리로, 하드웨어 자원을 효율적으로 사용하여 전체적인 처리량을 늘리는 병렬 처리 기법의 일종입니다.","Pipelining is a technique used to enhance CPU performance by executing multiple instructions concurrently in different stages. This approach utilizes Parallel Processing principles, allowing the CPU to start fetching a new instruction while the previous one is being decoded or executed, thereby increasing overall throughput."
컴퓨터구조,슈퍼스칼라 프로세서가 단일 파이프라인 방식보다 성능이 좋은 이유는 무엇인가요,여러 개의 파이프라인을 병렬로 가동하여 한 사이클에 여러 명령을 동시 처리함,상,"슈퍼스칼라, 병렬 처리",CPU 동작 원리,Why do superscalar processors perform better than single-pipeline architectures?,Operates multiple pipelines in parallel to process multiple instructions per cycle,"Superscalar, Parallel Processing",CPU Operating Principles,"슈퍼스칼라 프로세서는 CPU 내부에 여러 개의 파이프라인을 두어, 한 사이클 내에 여러 개의 명령어를 동시에 처리할 수 있는 설계 방식입니다. 단일 파이프라인 구조보다 더 높은 수준의 병렬 처리를 구현하여, 클럭 속도를 높이지 않고도 실질적인 데이터 처리 속도를 획기적으로 향상시킬 수 있습니다.","A Superscalar processor increases efficiency by incorporating multiple instruction pipelines to execute more than one instruction per clock cycle. By implementing advanced Parallel Processing, it achieves higher instruction throughput compared to traditional single-pipeline architectures, maximizing processing speed."
컴퓨터구조,RAM의 특징과 컴퓨터 시스템에서 주기억 장치가 필요한 이유는 무엇인가요,휘발성 메모리로 실행 중인 프로그램 데이터를 임시 저장해 CPU 접근을 도움,하,"RAM, 휘발성, 주기억 장치",주기억 장치,What are the characteristics of RAM and why is main memory necessary in a computer system?,Volatile memory storing active program data to assist CPU access,"RAM, Volatility, Main Memory",Main Memory,"RAM은 전원이 차단되면 저장된 데이터가 모두 사라지는 휘발성을 가진 주기억 장치입니다. 컴퓨터 시스템에서 CPU가 보조기억장치보다 훨씬 빠르게 데이터에 접근할 수 있도록, 현재 실행 중인 프로그램의 명령어와 데이터를 임시로 상주시켜 시스템 전체의 성능을 보조하는 필수적인 역할을 합니다.","RAM is characterized by its Volatility, meaning all stored data is lost when power is removed. It serves as the Main Memory, providing high-speed access to data and programs currently in use. This is essential for the CPU to retrieve and process information much faster than it could from secondary storage."
컴퓨터구조,메모리 주소 체계에서 물리 주소와 논리 주소의 차이는 무엇인가요,물리 주소는 실제 하드웨어 주소이며 논리 주소는 CPU가 프로세스에 부여한 주소임,중,"물리 주소, 논리 주소",주기억 장치,What is the difference between physical addresses and logical addresses in memory addressing?,Physical address is the hardware address; logical address is assigned by the CPU,"Physical Address, Logical Address",Main Memory,"논리 주소는 CPU가 실행 중인 프로세스에 부여한 가상적인 주소이며, 물리 주소는 실제 메인 메모리 하드웨어에 데이터가 저장된 물리적인 위치를 의미합니다. CPU는 보안과 효율적인 메모리 관리를 위해 직접 물리 주소에 접근하지 않고 논리 주소를 사용하며, 실행 시점에 이를 실제 주소로 변환하여 사용합니다.","A Logical Address is a virtual address generated by the CPU for a process, whereas a Physical Address represents the actual location in the hardware memory unit. This separation allows for efficient memory management and security, as the system maps logical views to hardware-specific physical locations during runtime."
컴퓨터구조,MMU가 논리 주소를 물리 주소로 변환하는 구체적인 메커니즘을 설명해주세요,베이스 레지스터에 논리 주소를 더하고 한계 레지스터로 범위를 체크함,중,"MMU, 베이스 레지스터",주기억 장치,Explain the specific mechanism by which the MMU translates logical addresses into physical addresses,Adds logical address to base register and checks range via limit register,"MMU, Base Register",Main Memory,MMU는 CPU가 생성한 논리 주소를 물리 주소로 실시간 변환해주는 하드웨어 장치입니다. 구체적으로는 베이스 레지스터의 값인 프로세스의 시작 주소에 논리 주소를 더해 실제 위치를 계산합니다. 이때 한계 레지스터를 통해 프로세스가 허용된 메모리 범위를 벗어나지 않는지 동시에 체크하여 시스템을 보호합니다.,The MMU is a hardware component responsible for translating logical addresses into physical addresses. It functions by adding the value in the Base Register to the logical address to find the actual physical location. This mechanism ensures memory protection by constantly validating that the address remains within the allowed range.
컴퓨터구조,"캐시 메모리가 등장하게 된 배경과 L1, L2 캐시의 목적은 무엇인가요",느린 주기억 장치와 빠른 CPU 사이의 속도 차이를 완화하기 위해 사용함,상,"캐시 메모리, 속도 차이",주기억 장치,What is the background of cache memory and the purposes of L1 and L2 caches?,Used to mitigate the speed gap between slow main memory and fast CPU,"Cache Memory, Speed Gap",Main Memory,"캐시 메모리는 CPU의 처리 속도와 주기억 장치의 접근 속도 사이의 거대한 속도 차이를 극복하기 위해 도입되었습니다. CPU 내부에 위치한 L1 캐시는 가장 빠른 속도로 명령어를 공급하고, L2 캐시는 그보다 용량은 크지만 약간 더 느린 속도로 데이터를 보관하여 전체적인 시스템의 연산 효율을 높이는 목적을 가집니다.","Cache Memory was developed to bridge the significant speed gap between the fast CPU and the slower main memory. The primary purpose of L1 and L2 caches is to provide the processor with immediate access to frequently used data, minimizing wait times and significantly enhancing overall system performance."
컴퓨터구조,캐시 적중률(Hit Ratio)은 어떻게 계산하며 시스템 성능에 어떤 영향을 주나요,캐시에서 데이터를 찾은 비율로 계산하며 적중률이 높을수록 접근 시간이 단축됨,중,"적중률, 캐시 히트",주기억 장치,How is the cache hit ratio calculated and how does it affect system performance?,Calculated by data find rate in cache; higher hit ratio reduces access time,"Hit Ratio, Cache Hit",Main Memory,"적중률은 CPU가 필요로 하는 데이터가 캐시에 존재할 확률을 의미하며, 전체 접근 횟수 대비 캐시 히트가 발생한 횟수의 비율로 계산합니다. 적중률이 높을수록 CPU가 느린 주기억 장치까지 가지 않고 데이터를 즉시 얻을 수 있으므로, 시스템의 평균 메모리 접근 시간이 비약적으로 단축되어 성능이 향상됩니다.","The Hit Ratio is the percentage of memory accesses that result in a Cache Hit, meaning the required data was found in the cache. A higher Hit Ratio directly impacts system performance by reducing the average memory access time, allowing the CPU to operate without being throttled by the slower main memory."
컴퓨터구조,보조 기억 장치와 주기억 장치의 결정적인 차이점은 무엇인가요,보조 기억 장치는 비휘발성으로 데이터를 영구 저장할 수 있는 저장 매체임,상,"보조 기억 장치, 비휘발성",보조 기억 장치,What is the critical difference between secondary storage and main memory?,Secondary storage is non-volatile media for permanent data storage,"Secondary Storage, Non-volatile",Secondary Storage,"보조 기억 장치는 전원이 꺼져도 데이터가 보존되는 비휘발성을 가장 큰 특징으로 합니다. 휘발성인 주기억 장치와 달리 대용량의 데이터를 영구적으로 저장할 수 있으며, 하드디스크나 SSD처럼 우리가 실제 파일이나 운영체제를 안전하게 보관하기 위한 매체로 사용됩니다.","The defining characteristic of Secondary Storage is that it is Non-volatile, meaning it retains data even without power. Unlike primary memory, which is temporary, Secondary Storage provides a reliable and high-capacity environment for the permanent storage of files, applications, and the operating system."
컴퓨터구조,하드디스크(HDD)가 데이터를 저장하고 읽는 물리적인 방식은 어떠한가요,자기 디스크를 회전시키고 암(Arm)을 움직여 헤드로 데이터를 읽고 씀,중,"HDD, 자기 디스크",보조 기억 장치,What is the physical mechanism by which a Hard Disk Drive (HDD) stores and reads data?,Reads/writes data by rotating magnetic disks and moving the actuator arm,"HDD, Magnetic Disk",Secondary Storage,"HDD는 자기 물질이 입혀진 자기 디스크인 플래터를 고속으로 회전시키고, 그 위를 움직이는 헤드를 통해 데이터를 읽고 씁니다. 물리적인 매커니즘을 사용하여 데이터를 저장하므로 기계적인 움직임이 동반되며, 이로 인해 충격에 약하고 데이터 접근 속도에 물리적인 한계가 존재합니다.","An HDD operates by storing and reading data on rotating Magnetic Disks called platters. An actuator arm moves a read/write head over the surface of these spinning disks. This mechanical process is the core mechanism of traditional hard drives, which determines their data density and access speeds."
컴퓨터구조,"하드디스크 접근 시간을 구성하는 탐색 시간, 회전 지연, 전송 시간에 대해 설명해주세요","헤드 이동 시간, 섹터 회전 대기 시간, 실제 데이터 읽기 시간의 합임",중,"탐색 시간, 회전 지연",보조 기억 장치,"Explain seek time, rotational delay, and transfer time that constitute HDD access time","Sum of seek time, rotational latency, and data transfer time","Seek Time, Rotational Latency",Secondary Storage,"하드디스크의 접근 시간은 세 단계의 합으로 결정됩니다. 원하는 데이터가 있는 트랙까지 헤드를 이동시키는 탐색 시간, 디스크가 회전하여 해당 섹터가 헤드 아래에 올 때까지 기다리는 회전 지연, 그리고 실제 데이터를 읽어오는 전송 시간으로 나뉩니다. 이 중 탐색 시간이 전체 성능에 가장 큰 영향을 미칩니다.","HDD access time consists of Seek Time, which is the time to move the head to the correct track, and Rotational Latency, the time spent waiting for the disk to rotate to the specific sector. Along with transfer time, these mechanical delays are the primary factors that make HDDs slower than purely electronic storage solutions."
컴퓨터구조,플래시 메모리 기반의 SSD가 HDD보다 빠르고 튼튼한 이유는 무엇인가요,움직이는 기계 부품 없이 전자적으로 작동하여 충격에 강하고 속도가 빠름,하,"SSD, 플래시메모리",보조 기억 장치,Why are flash-based SSDs faster and more durable than HDDs?,Operates electronically without moving parts; durable and fast,"SSD, Flash Memory",Secondary Storage,"SSD는 플래시메모리를 기반으로 작동하여 HDD와 달리 움직이는 기계적인 부품이 없습니다. 따라서 물리적인 탐색 시간이나 회전 지연이 발생하지 않아 속도가 압도적으로 빠르며, 소음이 없고 외부 충격에 매우 강해 데이터 저장 장치로서 뛰어난 안정성과 성능을 제공합니다.","SSDs are built using Flash Memory, eliminating the need for moving mechanical parts found in HDDs. This electronic operation makes them significantly faster and more durable, as they are not subject to mechanical wear or damage from physical shocks, making them the standard for modern computing."
컴퓨터구조,RAID의 개념과 데이터 안정성을 높이기 위한 주요 레벨들을 설명해주세요,여러 디스크를 묶어 성능을 높이거나 복제 및 패리티를 통해 데이터를 보호함,상,"RAID, 미러링, 패리티",보조 기억 장치,Explain the concept of RAID and the major levels used to increase data reliability,Groups disks for performance or uses replication/parity for data protection,"RAID, Mirroring, Parity",Secondary Storage,"RAID는 여러 개의 하드디스크를 하나의 논리적인 단위로 묶어 성능과 안정성을 동시에 확보하는 기술입니다. 데이터를 복제하여 보호하는 미러링 방식과, 데이터의 오류 검출 및 복구를 위해 계산된 값을 저장하는 패리티 방식 등을 활용하여 특정 디스크에 장애가 발생하더라도 데이터를 안전하게 보호합니다.","RAID is a storage technology that combines multiple disk drives into a single unit to improve reliability or performance. Common levels utilize Mirroring for data redundancy or Parity for error correction, ensuring that the system remains operational and data stays intact even if a physical drive fails."
컴퓨터구조,입출력 모듈이 CPU와 입출력 장치 사이에서 수행하는 역할은 무엇인가요,서로 다른 전송 속도와 데이터 형식을 중재하고 데이터 버퍼링을 수행함,하,"입출력 모듈, 중재",입출력 장치,What role does the I/O module play between the CPU and I/O devices?,Mediates different transfer speeds/formats and performs data buffering,"I/O Module, Mediation",I/O Devices,"입출력 모듈은 상대적으로 속도가 빠른 CPU와 속도가 매우 느린 입출력 장치 사이에서 데이터 전송을 중재하는 역할을 합니다. 장치마다 제각각인 데이터 형식을 변환하고 버퍼링을 수행하여, CPU가 입출력 장치의 물리적인 특성에 관계없이 효율적으로 연산에만 집중할 수 있도록 돕습니다.","The I/O Module acts as an intermediary to manage and Mediate the communication between the high-speed CPU and much slower peripheral devices. It handles data buffering and protocol conversion, allowing the CPU to interact with various hardware components through a standardized interface without waiting for slow mechanical responses."
컴퓨터구조,DMA 방식이 기존의 인터럽트 방식보다 입출력 효율이 좋은 이유는 무엇인가요,CPU 개입 없이 입출력 장치와 메모리가 직접 데이터를 교환하여 CPU 부담을 줄임,중,"DMA, CPU 효율",입출력 장치,Why is DMA more efficient for I/O than the traditional interrupt-driven method?,I/O devices and memory exchange data directly without CPU intervention,"DMA, CPU Efficiency",I/O Devices,"DMA 방식은 입출력 장치가 CPU의 중재 없이 메모리에 직접 접근하여 데이터를 주고받는 방식입니다. 기존 인터럽트 방식에서는 데이터 블록이 전송될 때마다 CPU가 개입해야 했으나, DMA를 도입하면 전송 완료 시에만 인터럽트를 발생시키므로 CPU 효율을 극대적화하고 연산 부담을 크게 줄일 수 있습니다.","DMA is more efficient because it allows I/O devices to access memory directly without constant CPU intervention. By handling data transfers independently, DMA minimizes the processing overhead on the CPU, significantly improving overall CPU Efficiency by ensuring the processor is only notified once the entire transfer is complete."
운영체제,운영체제의 정의와 커널이 시스템에서 수행하는 핵심 기능은 무엇인가요,하드웨어 자원을 효율적으로 관리하고 사용자에게 인터페이스를 제공하는 소프트웨어임,하,"운영체제, 커널, 자원 관리",운영체제 정의,Define Operating System and explain the core functions the kernel performs in the system,Software that manages hardware resources and provides user interfaces,"OS, Kernel, Resource Management",OS Definition,"운영체제는 컴퓨터 하드웨어를 효율적으로 관리하고 사용자에게 편리한 인터페이스를 제공하는 핵심 소프트웨어입니다. 특히 커널은 운영체제의 심장부로서 메모리, 프로세스, 파일 시스템 등 시스템 전반의 자원 관리를 실질적으로 수행하며 하드웨어와 소프트웨어 사이의 가교 역할을 합니다.","An OS is software that manages hardware resources and provides a user-friendly interface. Within the OS, the Kernel acts as the core component responsible for Resource Management, ensuring that CPU time, memory, and peripheral devices are allocated fairly and efficiently among various applications."
운영체제,시스템의 하드웨어 구성 요소와 운영체제가 이들을 관리하는 목적은 무엇인가요,"CPU, 메모리 등을 최대한 낭비 없이 효율적으로 사용하기 위해 관리함",하,"하드웨어 구성, 효율성",운영체제 정의,What are the hardware components of a system and the purpose of the OS managing them?,Manages CPU and memory to ensure efficient use without waste,"Hardware Configuration, Efficiency",OS Definition,"시스템의 하드웨어 구성 요소인 CPU, 메모리, 입출력 장치 등은 한정된 자원입니다. 운영체제가 이를 관리하는 궁극적인 목적은 자원 낭비를 막고 전체적인 효율성을 높여, 여러 사용자나 프로그램이 충돌 없이 최대한의 성능을 낼 수 있도록 최적의 실행 환경을 구축하는 데 있습니다.","The purpose of managing the Hardware Configuration is to maximize the Efficiency of system resources like the CPU and memory. By coordinating these components, the operating system prevents resource contention and ensures that hardware capabilities are utilized to their full potential without unnecessary waste."
운영체제,커널모드와 사용자모드의 차이점과 시스템콜이 발생하는 상황을 설명해주세요,특권명령 실행을 위해 사용자 프로그램이 커널에 서비스를 요청할 때 발생함,중,"커널모드, 시스템콜",하드웨어 수행 과정,"Explain the difference between kernel mode and user mode, and when system calls occur",Occurs when user programs request kernel services for privileged commands,"Kernel Mode, System Call",Hardware Execution Process,"커널모드는 운영체제가 시스템의 모든 자원에 접근할 수 있는 특권 모드이며, 사용자 프로그램은 제한된 권한을 가진 사용자모드에서 실행됩니다. 만약 프로그램이 파일 읽기나 네트워크 접근 같은 특권 명령이 필요하면 시스템콜을 호출하여 커널에 대행을 요청하게 되며, 이를 통해 시스템의 보안과 안정을 유지합니다.","Kernel Mode is a privileged execution mode for the operating system, while applications run in a restricted user mode. When a process requires access to hardware or protected memory, it triggers a System Call, which acts as a secure interface to request services from the kernel, maintaining the integrity of the system."
운영체제,입출력 장치 컨트롤러와 인터럽트를 이용한 I/O 처리 과정을 말씀해주세요,입출력 완료 후 컨트롤러가 CPU에 인터럽트를 보내 작업 완료를 알림,중,"인터럽트, 컨트롤러",하드웨어 수행 과정,Describe the process of I/O handling using I/O controllers and interrupts,Controller sends an interrupt to the CPU to notify I/O completion,"Interrupt, Controller",Hardware Execution Process,입출력 처리를 위해 CPU는 컨트롤러에 명령을 내리고 다른 작업을 수행합니다. 이후 입출력 장치가 작업을 완료하면 컨트롤러는 CPU에 인터럽트 신호를 보내 데이터 준비가 끝났음을 알립니다. CPU는 하던 일을 멈추고 해당 인터럽트를 처리함으로써 효율적인 비동기 처리가 가능해집니다.,"In I/O processing, the CPU delegates tasks to the device Controller. Once the operation is finished, the Controller issues an Interrupt to the CPU. This mechanism allows the CPU to perform other tasks while waiting for I/O, using the Interrupt signal to signify that the data is ready for the next stage of processing."
운영체제,문맥교환(Context Switch)의 정의와 이 과정에서 PCB가 어떻게 사용되나요,현재 실행 정보를 PCB에 백업하고 다음 프로세스의 PCB를 로드하여 전환함,상,"문맥교환, PCB",하드웨어 수행 과정,Define Context Switch and explain how the PCB is used during this process,Backs up current execution info to PCB and loads the next process's PCB,"Context Switch, PCB",Hardware Execution Process,"문맥교환은 CPU가 한 프로세스에서 다른 프로세스로 실행 권한을 넘기는 과정입니다. 이때 현재 프로세스의 상태(레지스터 값 등)를 PCB에 안전하게 저장하고, 새로 실행할 프로세스의 정보를 PCB에서 읽어와 복구합니다. 이 과정이 빠를수록 시스템은 여러 작업을 동시에 처리하는 듯한 멀티태스킹 효과를 줍니다.","A Context Switch is the process of storing the state of a running process so that it can be resumed later. During a Context Switch, the CPU saves the current execution context in the PCB and loads the stored context of the next process from its respective PCB, enabling seamless multitasking."
운영체제,동기식 I/O와 비동기식 I/O 처리 시 CPU의 동작 방식은 어떻게 다른가요,동기식은 완료까지 대기하며 비동기식은 명령 후 즉시 다음 작업을 수행함,중,"동기식, 비동기식",하드웨어 수행 과정,How does CPU behavior differ between synchronous and asynchronous I/O processing?,Synchronous waits for completion; asynchronous proceeds immediately after command,"Synchronous, Asynchronous",Hardware Execution Process,"동기식 I/O는 입출력 요청이 완료되어 데이터를 얻을 때까지 CPU가 다음 명령을 실행하지 않고 대기하는 방식입니다. 반면 비동기식 I/O는 입출력 명령만 내린 뒤 즉시 다음 작업을 수행하다가, 나중에 완료 통보를 받아 처리하므로 CPU를 멈추지 않고 더 효율적으로 활용할 수 있다는 장점이 있습니다.","In Synchronous I/O, the process waits for the I/O operation to complete before proceeding, whereas Asynchronous I/O allows the CPU to continue executing other instructions immediately after the request. Asynchronous methods are generally preferred for high-performance systems as they prevent the CPU from idling during slow I/O operations."
운영체제,"프로세스의 주소 공간을 구성하는 코드, 데이터, 힙, 스택 영역의 특징은 무엇인가요","실행 코드, 전역 변수, 동적 할당, 함수 호출 정보를 각각의 영역에 저장함",상,"코드, 데이터, 힙, 스택",프로세스,"What are the characteristics of the Code, Data, Heap, and Stack areas in a process?","Stores code, global variables, dynamic allocation, and function calls in areas","Code, Data, Heap, Stack",Processes,"프로세스는 메모리 내부에 코드, 데이터, 힙, 스택 영역을 가집니다. 코드는 실행 명령어를, 데이터는 전역 변수를 저장하며, 힙은 런타임에 동적으로 할당되는 메모리를 관리합니다. 마지막으로 스택은 지역 변수와 함수 호출 시의 복귀 주소 등을 임시로 저장하여 함수 구조를 유지합니다.","A process memory layout includes the Code, Data, Heap, and Stack segments. The Code area holds executable instructions, Data stores global variables, the Heap manages dynamic memory allocation during execution, and the Stack handles function calls and local variables."
운영체제,"프로세스의 상태가 Ready에서 Running, Blocked로 변화하는 과정을 설명해주세요","CPU 할당 시 Running, I/O 대기 시 Blocked, 완료 시 Ready로 전이됨",중,"프로세스 상태, 전이",프로세스,"Explain the transition of process states between Ready, Running, and Blocked","Transitions: Running (CPU assigned), Blocked (I/O wait), Ready (complete)","Process State, Transition",Processes,"프로세스 상태는 실행 흐름에 따라 Ready, Running, Blocked 등으로 관리됩니다. CPU를 기다리는 Ready 상태에서 할당을 받으면 Running으로 전이되며, 입출력 같은 이벤트 대기가 필요하면 Blocked가 됩니다. 대기가 완료되면 다시 Ready로 돌아오는 이러한 전이 과정을 통해 여러 프로세스가 공존합니다.","A Process State changes as it moves through its lifecycle, such as from Ready to Running or Blocked. Each Transition is managed by the OS; for example, a process moves to the Running state when scheduled by the CPU and undergoes a Transition to Blocked when waiting for an I/O event to finish."
운영체제,"단기, 중기, 장기 스케줄러가 각각 어떤 시점에 개입하여 프로세스를 관리하나요","CPU 배분, 스왑 아웃 결정, 메모리 진입 결정 등 개입 시점과 역할이 다름",중,스케줄러 종류,프로세스,"When do short-term, mid-term, and long-term schedulers intervene to manage processes?","Different intervention points: CPU allocation, swap-out, or memory entry",Scheduler Types,Processes,"운영체제는 스케줄러 종류에 따라 프로세스 유입과 실행 순서를 관리합니다. 메모리에 올릴 프로세스를 정하는 장기 스케줄러, 일시적으로 중단된 프로세스를 스왑 아웃하는 중기 스케줄러, 그리고 CPU를 누구에게 줄지 즉각 결정하는 단기 스케줄러가 협력하여 시스템의 전반적인 성능을 최적화합니다.","Different Scheduler Types are responsible for managing processes at various stages. Long-term, mid-term, and short-term Scheduler Types determine which processes enter memory, which are swapped to disk, and which specific process is allocated the CPU, respectively, to maintain high system throughput."
운영체제,스레드의 개념과 프로세스 내에서 여러 스레드가 자원을 공유하는 방식은 무엇인가요,코드와 데이터는 공유하되 개별적인 스택과 PC를 가져 독립적 실행이 가능함,상,"스레드, 자원 공유",프로세스,Explain the concept of threads and how multiple threads share resources within a process,Shares code/data but has individual stacks and PCs for independent execution,"Thread, Resource Sharing",Processes,"스레드는 프로세스 내에서 실행되는 흐름의 단위로, 프로세스가 할당받은 자원 공유를 통해 효율적으로 동작합니다. 구체적으로는 코드, 데이터, 힙 영역을 다른 스레드와 공유하여 메모리를 절약하지만, 독립적인 실행을 보장하기 위해 각자의 스택과 프로그램 카운터(PC)는 개별적으로 보유한다는 특징이 있습니다.","A Thread is the basic unit of execution within a process, designed to improve performance through Resource Sharing. While multiple threads share the same code, data, and heap segments to minimize memory overhead, each Thread maintains its own stack and Program Counter (PC) to enable independent execution paths within the same application."
운영체제,멀티 스레딩의 이점과 공유 자원 접근 시 발생할 수 있는 문제점은 무엇인가요,응답성이 좋고 효율적이나 동기화 처리가 미흡하면 데이터 무결성이 깨질 수 있음,상,"멀티 스레딩, 동기화",프로세스,What are the benefits of multi-threading and the problems that can occur when accessing shared resources?,"Responsive and efficient, but poor synchronization can break data integrity","Multi-threading, Synchronization",Processes,"멀티 스레딩을 활용하면 프로세스 내 자원을 공유하므로 응답성이 높아지고 시스템 자원을 효율적으로 사용할 수 있습니다. 하지만 여러 스레드가 동시에 공유 데이터에 접근할 때 동기화 처리가 적절히 이루어지지 않으면, 데이터의 일관성이 깨지는 문제가 발생할 수 있어 정교한 설계가 필요합니다.","Multi-threading offers significant advantages in responsiveness and resource efficiency by allowing concurrent execution within a single process. However, the lack of proper Synchronization can lead to data inconsistency when threads access shared variables simultaneously, making thread safety a critical consideration in Multi-threading environments."
운영체제,"CPU 스케줄링의 성능을 측정할 때 이용률, 처리량, 응답시간을 어떻게 활용하나요","시스템은 이용률과 처리량을, 사용자는 응답과 대기시간을 짧게 하는 것이 목표임",중,스케줄링 지표,CPU 스케줄링,"How are utilization, throughput, and response time used to measure CPU scheduling performance?",Goal: System high utilization/throughput; User low response/wait time,Scheduling Metrics,CPU Scheduling,"CPU 스케줄링의 효율성을 판단하기 위해 여러 스케줄링 지표를 활용합니다. 시스템 측면에서는 CPU가 노는 시간 없이 일하는 '이용률'과 단위 시간당 처리량'을 높이는 것이 중요하며, 사용자 측면에서는 작업이 시작될 때까지의 '응답 시간'과 대기 시간이 짧을수록 성능이 좋다고 평가합니다.","To evaluate the effectiveness of an OS, various Scheduling Metrics are analyzed. From a system perspective, the focus is on maximizing CPU utilization and throughput, while from a user perspective, the primary Scheduling Metrics are minimizing response time and turnaround time to ensure a seamless experience."
운영체제,"FCFS, SJF, Round Robin 등 주요 스케줄링 알고리즘의 특징을 비교해주세요","들어온 순서, 짧은 순서, 혹은 할당 시간 단위로 순환하며 CPU를 부여함",상,스케줄링 알고리즘,CPU 스케줄링,"Compare the characteristics of major scheduling algorithms such as FCFS, SJF, and Round Robin","Assigns CPU by arrival order, shortest job, or time-slice rotation",Scheduling Algorithms,CPU Scheduling,"CPU 운영 방식에 따라 다양한 스케줄링 알고리즘이 존재합니다. 준비 큐에 도착한 순서대로 처리하는 FCFS, 실행 시간이 짧은 프로세스에 먼저 기회를 주는 SJF, 그리고 각 프로세스에 일정 시간(Time Slice)만큼만 CPU를 할당하고 순환하는 라운드 로빈(RR) 방식 등이 대표적인 예시입니다.","Different Scheduling Algorithms are employed to manage process execution, such as FCFS (First-Come, First-Served), which follows arrival order, and SJF (Shortest Job First), which prioritizes shorter tasks. Another widely used Scheduling Algorithms is Round Robin, which ensures fairness by assigning a fixed time slice to each process."
운영체제,Race Condition의 정의와 멀티 프로세스 환경에서 이 문제가 발생하는 이유는 무엇인가요,여러 주체가 공유 자원에 동시 접근하여 결과값이 일관되지 않는 현상임,상,Race Condition,동기화와 데드락,Define Race Condition and explain why it occurs in a multi-process environment,Phenomenon where concurrent access to shared resources leads to inconsistency,Race Condition,Synchronization & Deadlock,"Race Condition은 두 개 이상의 프로세스나 스레드가 공유 자원에 동시에 접근하여 읽고 쓰는 과정에서, 접근 순서에 따라 결과값이 달라지는 불안정한 상태를 의미합니다. 이는 데이터 무결성을 심각하게 해칠 수 있으므로, 임계 구역에 대한 적절한 보호 조치를 통해 해결해야 하는 전형적인 동기화 문제입니다.","A Race Condition occurs when the final outcome of a process depends on the specific order or timing of execution across multiple threads accessing shared data. To prevent a Race Condition, programmers must implement mutual exclusion mechanisms to ensure that only one entity can modify a critical resource at any given time."
운영체제,임계 구역(Critical Section) 문제 해결을 위한 상호 배제와 진행 조건에 대해 설명해주세요,한 번에 하나만 진입하고 대기 중인 프로세스가 있다면 진입을 보장해야 함,중,"임계 구역, 상호 배제",동기화와 데드락,Explain Mutual Exclusion and Progress conditions for solving the Critical Section problem,Only one enters at a time; must guarantee entry for waiting processes,"Critical Section, Mutual Exclusion",Synchronization & Deadlock,임계 구역 문제를 해결하려면 세 가지 필수 조건이 충족되어야 합니다. 그중 상호 배제는 한 프로세스가 임계 구역에서 실행 중일 때 다른 프로세스는 진입할 수 없음을 의미합니다. 또한 진입을 기다리는 프로세스가 있다면 적절한 시간 내에 들어갈 수 있도록 보장하는 진행(Progress) 조건 등이 지켜져야 합니다.,"Solving the Critical Section problem requires satisfying the condition of Mutual Exclusion, which dictates that only one process can be in the section at a time. Along with Mutual Exclusion, the system must ensure progress, meaning that the decision of which process enters the Critical Section next cannot be postponed indefinitely if the section is free."
운영체제,세마포어와 뮤텍스의 동작 원리와 두 방식의 결정적인 차이점은 무엇인가요,"세마포어는 신호 기반으로 다수 자원을, 뮤텍스는 락 기반으로 1개 자원을 관리함",상,"세마포어, 뮤텍스",동기화와 데드락,"Explain the principles of Semaphores and Mutexes, and the critical difference between them",Semaphore manages multiple resources (signal); Mutex manages one (lock),"Semaphore, Mutex",Synchronization & Deadlock,"뮤텍스와 세마포어는 임계 구역 접근을 제어하는 도구입니다. 뮤텍스는 한 번에 하나의 프로세스만 락(Lock)을 획득하여 자원을 사용하는 방식인 반면, 세마포어는 가용 자원의 개수를 나타내는 신호(Signal) 값을 사용하여 여러 개의 프로세스가 동시에 접근할 수 있도록 허용 범위를 조절한다는 차이가 있습니다.","Mutex and Semaphore are fundamental synchronization tools. A Mutex is essentially a binary lock that grants exclusive access to a single owner, whereas a Semaphore acts as a signaling mechanism that can manage access for multiple instances of a resource by incrementing or decrementing a counter value."
운영체제,데드락(Deadlock)이 발생하기 위한 4가지 필수 조건은 무엇인가요,"상호 배제, 점유 대기, 비선점, 순환 대기가 모두 충족될 때 발생함",상,"데드락, 발생 조건",동기화와 데드락,What are the four necessary conditions for a Deadlock to occur?,"Occurs when mutual exclusion, hold-and-wait, no preemption, and circular wait are met","Deadlock, Occurrence Conditions",Synchronization & Deadlock,"데드락은 서로가 가진 자원을 기다리며 무한히 대기하는 상태를 말하며, 4가지 발생 조건이 모두 충족될 때 일어납니다. 상호 배제, 점유 대기, 비선점, 그리고 순환 대기라는 이 발생 조건 중 하나라도 깨뜨릴 수 있다면 데드락 문제를 사전에 방지하거나 해결할 수 있습니다.","A Deadlock is a situation where processes are stuck in a circular wait for resources held by each other. For a Deadlock to occur, four Occurrence Conditions must be present: mutual exclusion, hold-and-wait, no preemption, and circular wait. Eliminating any of these Occurrence Conditions can prevent the system from entering a halted state."
운영체제,데드락 회피를 위한 은행원 알고리즘의 작동 원리와 안정 상태의 개념은 무엇인가요,자원 할당 후에도 데드락 가능성이 없는 안정 상태일 때만 자원을 내어줌,상,"은행원 알고리즘, 회피",동기화와 데드락,Explain the principle of the Banker's Algorithm for deadlock avoidance and the concept of a Safe State,Grants resources only when a 'Safe State' is maintained without deadlock risk,"Banker's Algorithm, Avoidance",Synchronization & Deadlock,"은행원 알고리즘은 데드락을 방지하기 위한 대표적인 회피 기법입니다. 시스템이 자원을 할당해주기 전에, 할당 후에도 모든 프로세스가 안전하게 작업을 마칠 수 있는 '안정 상태'가 유지되는지 미리 계산합니다. 오직 안전함이 보장될 때만 자원을 할당하여 데드락 발생 가능성을 원천적으로 차단합니다.","The Banker's Algorithm is a deadlock Avoidance strategy that tests for safety by simulating the allocation of predetermined maximum possible amounts of all resources. This Avoidance method ensures that a resource request is only granted if the resulting system state remains safe, meaning there is at least one sequence of execution that avoids deadlock."
운영체제,메모리 관리 기법 중 고정 분할과 가변 분할 방식의 차이점은 무엇인가요,미리 나누어 두느냐 프로그램 크기에 맞춰 동적으로 나누느냐의 차이임,중,"연속할당, 외부 조각",메모리 관리,What is the difference between fixed partitioning and variable partitioning in memory management?,Difference between pre-partitioning vs. dynamic partitioning by program size,"Continuous Allocation, External Fragmentation",Memory Management,"메모리 관리에서 연속할당 방식은 프로세스를 메모리의 연속적인 공간에 배치하는 방식입니다. 이때 미리 파티션을 나누는 고정 분할 방식은 내부 조각이 생길 수 있고, 프로그램 크기에 맞춰 나누는 가변 분할 방식은 빈 공간들이 파편화되는 외부 조각 문제가 발생하여 메모리 활용 효율을 떨어뜨릴 수 있습니다.","In Continuous Allocation, each process is loaded into a single contiguous section of memory. While this is simple to implement, it often leads to External Fragmentation, where total memory space exists to satisfy a request but it is not contiguous. Managing External Fragmentation is a key challenge in optimizing Continuous Allocation schemes."
운영체제,페이징(Paging) 기법에서 주소 변환이 이루어지는 과정과 페이지 테이블의 역할을 설명해주세요,논리 주소의 페이지 번호를 테이블에서 찾아 실제 프레임 주소로 변환함,상,"페이징, 페이지 테이블",메모리 관리,Explain the address translation process in paging and the role of the page table,Translates logical page numbers to physical frame addresses using a table,"Paging, Page Table",Memory Management,"페이징 기법은 물리 메모리를 프레임이라는 고정 크기로 나누고, 프로세스의 논리 주소 공간을 페이지로 나누어 관리하는 방식입니다. 이때 페이지 테이블은 논리 주소의 페이지 번호를 대응하는 물리 주소의 프레임 번호로 매핑하여, 불연속적인 메모리 공간에서도 데이터가 효율적으로 변환되도록 돕는 역할을 합니다.","Paging is a memory management scheme that eliminates the need for contiguous allocation by dividing physical memory into frames and logical memory into pages. The Page Table serves as the central mapping mechanism, translating logical page numbers into physical frame addresses so that the CPU can correctly access data scattered across physical memory."
운영체제,LRU와 LFU 페이지 교체 알고리즘의 차이점과 각각의 장단점은 무엇인가요,가장 오래전 사용 여부(LRU)와 사용 횟수(LFU) 중 무엇을 중시하느냐의 차이임,중,"페이지 교체, LRU",가상 메모리,What are the differences between LRU and LFU page replacement algorithms and their pros/cons?,Difference between prioritizing least recently used (LRU) vs. least frequently used (LFU),"Page Replacement, LRU",Virtual Memory,"페이지 교체 알고리즘은 가상 메모리 관리 중 페이지 부재가 발생했을 때 어떤 페이지를 메모리에서 내보낼지 결정합니다. LRU는 가장 오랫동안 사용되지 않은 페이지를 교체하여 성능을 최적화하며, LFU는 참조 횟수가 가장 적은 페이지를 교체합니다. LRU는 시간 지역성을 잘 반영하기 때문에 실무에서 범용적으로 선호됩니다.","Page Replacement algorithms are used to decide which memory page to evict when a new page needs to be loaded. While LRU (Least Recently Used) prioritizes evicting the page that hasn't been accessed for the longest time, LFU focuses on usage frequency. LRU is widely implemented because it effectively leverages the principle of temporal locality."
운영체제,파일 시스템에서 사용자의 접근 권한을 관리하는 ACL과 그룹핑 방식에 대해 설명해주세요,파일별 권한 목록을 두거나 소유자/그룹별로 권한 비트를 부여하여 보호함,중,"파일 보호, ACL",파일 시스템,Explain ACL (Access Control List) and grouping methods for managing user access rights in file systems,Protects via permission lists (ACL) or owner/group permission bits,"File Protection, ACL",File System,"파일 보호를 위해 운영체제는 사용자의 접근 권한을 제어합니다. ACL(Access Control List)은 파일마다 접근 가능한 사용자 목록과 권한을 상세히 기록하여 관리하는 방식입니다. 또한 소유자, 그룹, 기타 사용자로 나누어 권한 비트를 부여하는 그룹핑 방식을 통해 효율적으로 자원 접근을 통제할 수 있습니다.","To ensure File Protection, operating systems manage access rights through mechanisms like ACL (Access Control List). An ACL maintains a detailed list of users and their specific permissions for each file, while grouping methods assign permission bits to owners and categories to simplify the administration of security policies."
운영체제,디스크 할당 방식 중 인덱스 할당(Indexed Allocation)의 장점과 구현 방식은 무엇인가요,인덱스 블록에 데이터 위치 정보를 모아두어 파일에 대한 직접 접근을 가능케 함,중,"인덱스 할당, 직접 접근",파일 시스템,What are the advantages and implementation of Indexed Allocation in disk storage?,Collects data locations in an index block to allow direct file access,"Indexed Allocation, Direct Access",File System,"인덱스 할당 방식은 각 파일마다 하나의 인덱스 블록을 두어, 해당 파일이 차지하는 모든 데이터 블록의 포인터를 모아 관리하는 방식입니다. 연결 할당과 달리 파일의 중간 부분으로 즉시 이동할 수 있는 직접 접근이 가능하다는 큰 장점이 있으며, 파일 크기가 커져도 효율적인 탐색이 가능합니다.","Indexed Allocation brings all pointers for a file's data blocks into a single index block. This method's primary advantage is that it supports Direct Access, allowing the system to jump to any part of the file without traversing intermediate blocks. It provides a robust solution for managing large files with high retrieval efficiency."
운영체제,디스크 스케줄링의 목적과 SCAN 기법이 SSTF 방식보다 우수한 점은 무엇인가요,헤드 이동 거리를 줄이되 기아 상태를 방지하고 대기 시간을 균일하게 함,중,"디스크 스케줄링, SCAN",디스크 관리,What is the purpose of disk scheduling and why is the SCAN technique superior to SSTF?,Reduces head movement while preventing starvation and unifying wait times,"Disk Scheduling, SCAN",Disk Management,"디스크 스케줄링의 목적은 헤드의 이동 거리를 최소화하여 처리량을 높이는 것입니다. SCAN 기법은 헤드가 디스크의 한쪽 끝에서 반대쪽 끝으로 이동하며 경로에 있는 요청을 모두 처리합니다. 이는 SSTF 방식에서 발생할 수 있는 특정 요청의 기아 현상을 방지하고, 응답 시간의 편차를 줄여준다는 점에서 우수합니다.","The goal of Disk Scheduling is to minimize the total seek time and maximize I/O performance. The SCAN algorithm improves upon simpler methods by moving the disk arm in a continuous sweep across the surface, preventing starvation of requests and ensuring a more uniform and predictable wait time for all pending I/O tasks."
네트워크,OSI 7계층의 각 단계와 계층화의 목적에 대해 설명해주시겠어요?,네트워킹 표준을 7단계로 나누어 문제 발생 시 해당 계층만 독립적으로 해결함,중,"OSI 7계층, 응용, 전송, 물리",네트워크,Explain the stages of the OSI 7-layer model and the purpose of layering,Standardizes networking into 7 layers to isolate and solve issues independently,"OSI 7 Layers, Application, Transport, Physical",Networking,"OSI 7계층은 복잡한 네트워크 통신 과정을 표준화한 모델입니다. 최하단의 물리 계층부터 데이터를 안정적으로 전송하는 전송 계층, 그리고 사용자가 직접 접하는 응용 계층까지 단계별로 독립적인 역할을 수행합니다. 이렇게 계층화함으로써 특정 계층의 문제만 개별적으로 해결할 수 있어 유지보수가 용이합니다.","The OSI 7 Layers model standardizes network communication into distinct levels, ranging from the Physical layer to the Transport and Application layers. This modular approach allows for interoperability between different systems, ensuring that changes or issues in one layer can be addressed independently without affecting the entire network stack."
네트워크,"서버 부하를 분산하는 로드밸런서의 개념과 L4, L7 로드밸런서의 차이점은 무엇인가요?",L4는 포트와 IP 기반으로 분산하고 L7은 애플리케이션 패킷 내용까지 확인하여 분산함,중,"로드밸런서, L4, L7, 분산방식",네트워크,Concept of load balancers and the differences between L4 and L7 load balancers,L4 balances by Port/IP; L7 balances by analyzing application packet content,"Load Balancer, L4, L7, Distribution",Networking,"로드밸런서는 트래픽을 여러 서버로 분산하여 시스템 안정성을 높이는 장치입니다. L4 로드밸런서는 IP와 포트 번호만을 기준으로 단순하게 부하를 분산하지만, L7 로드밸런서는 HTTP 헤더나 쿠키 등 애플리케이션의 세부 내용을 분석하여 더욱 정밀한 분산방식을 적용할 수 있다는 차이가 있습니다.","A Load Balancer distributes incoming network traffic across multiple servers to prevent overload. An L4 load balancer makes decisions based on network layer data like IP and Port, whereas an L7 load balancer analyzes the content of the Application layer for a more sophisticated Distribution of requests based on specific URLs or data types."
네트워크,블로킹/논블로킹과 동기/비동기 방식의 차이를 기술적인 관점에서 비교해주세요,호출된 함수의 종료를 기다리는지 여부와 완료 통지 방식의 조합 차이임,상,"Blocking, Non-Blocking, Sync",네트워크,Technical comparison between Blocking/Non-blocking and Synchronous/Asynchronous,Combination of waiting for function termination and completion notification style,"Blocking, Non-Blocking, Sync",Networking,"Sync(동기) 방식은 작업의 결과가 나올 때까지 흐름을 맞추는 것이며, Blocking은 작업이 완료될 때까지 제어권을 넘기지 않고 대기하는 상태를 말합니다. Non-Blocking은 호출된 함수가 즉시 제어권을 반환하여 다른 일을 할 수 있게 하므로, 비동기 방식과 조합될 때 고성능의 네트워크 통신을 구현할 수 있습니다.","In a technical context, Sync (Synchronous) refers to coordinating the execution flow with the task's completion. Blocking occurs when a process pauses and waits for an operation to finish, while Non-Blocking allows the process to continue its execution immediately, providing a framework for high-concurrency systems when paired with asynchronous notification."
네트워크,네트워크를 통해 데이터가 전달되는 캡슐화와 역캡슐화 과정을 설명해주세요,"응용계층 데이터에 각 계층의 헤더가 붙어 세그먼트, 패킷, 프레임으로 변환됨",중,"캡슐화, 헤더, 데이터전달",네트워크,Explain the encapsulation and decapsulation processes in network data transmission,"Application data gets headers, becoming segments, packets, and frames","Encapsulation, Header, Data Transfer",Networking,"네트워크 통신 시 데이터전달을 위해 각 계층을 지나며 캡슐화 과정이 일어납니다. 상위 계층의 데이터 앞에 해당 계층의 제어 정보인 헤더를 붙여 세그먼트, 패킷, 프레임으로 변환합니다. 수신 측에서는 이와 반대로 헤더를 하나씩 제거하는 역캡슐화 과정을 통해 원래의 데이터를 복원합니다.","During Data Transfer, the process of Encapsulation adds a specific Header to the data at each layer of the protocol stack. These headers contain control information necessary for routing and error checking, transforming the payload into segments or packets as it moves down the layers before being transmitted across the network."
네트워크,패킷 전송 시 발생하는 딜레이의 종류와 그 원인은 무엇인가요?,"처리, 큐잉, 전송, 전파 지연으로 나뉘며 라우터 성능이나 대역폭의 영향을 받음",중,"딜레이, 라우터성능, 전송지연",네트워크,Types and causes of delays occurring during packet transmission,"Split into processing, queuing, transmission, and propagation delays","Delay, Router Performance, Transmission Delay",Networking,"패킷 전송 시 발생하는 딜레이는 크게 네 가지로 나뉩니다. 패킷을 검사하는 처리 지연, 큐에서 대기하는 큐잉 지연, 링크로 데이터를 내보내는 전송지연, 그리고 실제 물리적 매체를 타고 이동하는 전파 지연이 있습니다. 특히 라우터성능이나 네트워크 대역폭에 따라 이러한 지연 시간이 결정됩니다.","Network Delay is composed of processing, queuing, transmission, and propagation delays. Transmission Delay is specifically the time required to push all of the packet's bits into the link, which is heavily influenced by the bandwidth and the overall Router Performance along the communication path."
네트워크,HTTP 프로토콜의 특징과 신뢰성 있는 통신을 위해 TCP를 사용하는 이유를 말씀해주세요,하이퍼텍스트 전송을 위한 규약으로 신뢰성을 위해 TCP 연결을 먼저 성립함,하,"HTTP, TCP 연결, 요청응답",응용계층,Characteristics of HTTP and the reasons for using TCP for reliable communication,Protocol for hypertext; establishes TCP connection first for reliability,"HTTP, TCP Connection, Request-Response",Application Layer,"HTTP는 웹상에서 정보를 주고받기 위한 비상태(Stateless) 프로토콜입니다. 하지만 데이터의 신뢰성 있는 전송이 중요하기 때문에, 통신을 시작하기 전 반드시 TCP 연결을 성립시키는 과정을 거칩니다. 이를 통해 클라이언트와 서버 간의 정확한 요청응답이 보장되며 패킷의 유실이나 순서 바뀜을 방지합니다.","HTTP is an application-level protocol designed for the Request-Response cycle of web data. To ensure data integrity, it relies on a TCP Connection to establish a reliable communication channel. This underlying reliability prevents data loss and ensures that web resources are delivered correctly and in the proper order."
네트워크,DNS 시스템이 도메인 이름을 IP 주소로 변환하는 계층적 원리는 무엇인가요?,전 세계에 분산된 서버 구조를 통해 URL에 해당하는 IP를 단계별로 찾아 반환함,하,"DNS, IP변환, 계층구조",응용계층,Hierarchical principles of how the DNS system translates domain names into IP addresses,Step-by-step IP lookup for URLs via a globally distributed server structure,"DNS, IP Resolution, Hierarchy",Application Layer,"DNS는 사람이 읽기 쉬운 도메인 이름을 컴퓨터가 이해하는 IP 주소로 변환해주는 시스템입니다. 전 세계적으로 분산된 계층구조를 가지고 있어, 루트 네임 서버부터 단계별로 질의를 전달하며 최종적인 IP변환 결과를 찾아냅니다. 덕분에 우리는 복잡한 숫자 주소를 외우지 않고도 인터넷을 이용할 수 있습니다.","DNS provides a hierarchical service for IP Resolution, translating human-readable domain names into IP addresses. This Hierarchy involves multiple servers, such as TLD and authoritative name servers, working together to resolve a query, ensuring that users can navigate the internet using memorable URLs instead of numeric addresses."
네트워크,전송 계층의 주요 기능인 멀티플렉싱과 디멀티플렉싱은 어떻게 이루어지나요?,여러 프로세스의 데이터를 하나로 묶거나 헤더의 포트 번호를 확인해 소켓으로 전달함,중,"멀티플렉싱, 포트번호, 소켓",전송계층,How multiplexing and demultiplexing function in the transport layer,Multiplexes data from processes or demultiplexes to sockets via port numbers,"Multiplexing, Port Number, Socket",Transport Layer,"전송 계층은 여러 프로세스에서 오는 데이터를 모아 하나의 스트림으로 만드는 멀티플렉싱과, 받은 데이터를 적절한 프로세스로 전달하는 디멀티플렉싱을 수행합니다. 이때 각 데이터를 구분하기 위해 포트번호를 사용하며, 이는 특정 소켓과 연결되어 정확한 데이터 송수신이 가능하도록 지원합니다.","The transport layer handles Multiplexing by gathering data from different sockets and adding headers to create segments. Conversely, it uses the Port Number in the header to perform demultiplexing, delivering data to the correct Socket so that multiple applications can share a single network connection simultaneously."
네트워크,TCP와 UDP의 결정적인 차이점과 각각 어떤 상황에서 사용되는지 설명해주세요,TCP는 신뢰성 중심의 연결형이며 UDP는 속도 중심의 비연결형 프로토콜임,중,"TCP, UDP, 신뢰성, 속도",전송계층,Critical differences between TCP and UDP and their respective use cases,TCP is reliability-focused (connected); UDP is speed-focused (connectionless),"TCP, UDP, Reliability, Speed",Transport Layer,TCP와 UDP의 가장 큰 차이는 신뢰성과 속도의 트레이드오프입니다. TCP는 연결형 서비스로 데이터의 전송 순서와 무결성을 보장하여 웹 서핑이나 파일 전송에 적합합니다. 반면 UDP는 비연결형으로 오버헤드가 적어 실시간 스트리밍이나 온라인 게임처럼 빠른 전송 속도가 우선인 상황에서 주로 사용됩니다.,"The choice between TCP and UDP depends on whether the application prioritizes Reliability or Speed. TCP provides a connection-oriented service with error recovery, making it ideal for accurate data transfer, while UDP is a connectionless protocol that offers lower latency for real-time services where minor data loss is acceptable."
네트워크,신뢰성 있는 데이터 전송을 위한 RDT 프로토콜의 작동 원리는 무엇인가요?,체크섬과 타이머 및 시퀀스 넘버를 활용해 패킷의 에러와 유실을 방지함,중,"RDT, 에러체크, 재전송",전송계층,Principles of the RDT (Reliable Data Transfer) protocol,"Uses checksums, timers, and sequence numbers to prevent errors and loss","RDT, Error Check, Retransmission",Transport Layer,"RDT(Reliable Data Transfer)는 신뢰할 수 없는 하위 네트워크 채널에서도 안전한 전송을 보장하기 위한 프로토콜 원리입니다. 패킷의 오류를 감지하는 에러체크와, 응답이 없거나 손상되었을 때 데이터를 다시 보내는 재전송 매커니즘을 핵심으로 하여, 데이터가 유실 없이 목적지까지 도달하도록 보장합니다.","RDT is a set of principles designed to ensure data integrity over unreliable channels. It utilizes Error Check codes and Retransmission strategies, such as ARQ, to detect corrupted or missing packets. This ensures that the destination receives a perfect copy of the original data regardless of network interference."
네트워크,파이프라인 전송 방식인 GBN과 Selective Repeat의 차이점을 설명해주세요,GBN은 유실 시 윈도우 전체를 재전송하고 SR은 손실된 패킷만 선택적으로 재전송함,상,"GBN, Selective Repeat",전송계층,Differences between GBN (Go-Back-N) and Selective Repeat in pipelined transmission,GBN resends the whole window on loss; SR resends only the lost packets,"GBN, Selective Repeat",Transport Layer,파이프라인 전송에서 GBN(Go-Back-N)은 패킷 유실 시 해당 순서 이후의 모든 패킷을 다시 보내는 단순한 방식입니다. 반면 Selective Repeat은 수신 측이 개별적으로 ACK를 보내 유실된 특정 패킷만 골라 재전송함으로써 네트워크 대역폭 낭비를 줄이고 전송 효율을 극대화한다는 차이점이 있습니다.,"In pipelined data transfer, GBN forces the sender to resend all unacknowledged packets from the point of failure. In contrast, Selective Repeat allows the receiver to acknowledge individual packets, so the sender only performs a Selective Repeat of the specific missing frames, optimizing bandwidth usage in high-loss environments."
네트워크,TCP의 3-way 및 4-way handshake 과정을 통해 연결이 성립되고 해제되는 방식을 설명해주세요,통신 시작 전 연결을 맺고 종료 시 데이터 잔량을 확인하며 안전하게 연결을 해제함,상,"Handshake, SYN, ACK, FIN",전송계층,Connection establishment and termination via TCP 3-way and 4-way handshakes,Connects before communicating and safely disconnects after checking data,"Handshake, SYN, ACK, FIN",Transport Layer,TCP는 Handshake 과정을 통해 통신을 제어합니다. 연결 설정 시에는 SYN과 ACK 패킷을 주고받는 3-way handshake를 통해 양방향 통신 준비를 마칩니다. 반대로 연결 해제 시에는 FIN 패킷을 사용하여 남은 데이터를 모두 처리하고 안전하게 세션을 종료하는 4-way handshake 과정을 거치게 됩니다.,"The TCP Handshake ensures a synchronized start and end to communication. The 3-way version uses SYN and ACK flags to establish a reliable session, while the 4-way termination uses the FIN flag to gracefully close the connection, ensuring all data in transit is accounted for before the resources are released."
네트워크,TCP의 흐름 제어(Flow Control) 기법은 구체적으로 어떻게 동작하나요?,수신 측의 남은 버퍼 크기를 송신 측에 공유하여 처리 가능한 양만큼만 보내게 함,중,"흐름제어, 슬라이딩윈도우",전송계층,Specific mechanisms of how TCP Flow Control operates,Shares receiver's buffer size with sender to prevent buffer overflow,"Flow Control, Sliding Window",Transport Layer,TCP의 흐름제어는 송신 측과 수신 측의 처리 속도 차이를 해결하기 위한 기법입니다. 수신 측이 자신의 남은 버퍼 크기를 알려주면 송신 측은 이에 맞춰 전송량을 조절하는 슬라이딩윈도우 방식을 사용합니다. 이를 통해 수신 측의 버퍼가 넘쳐 데이터가 손실되는 상황을 사전에 방지할 수 있습니다.,"Flow Control in TCP manages the data transmission rate to prevent a fast sender from overwhelming a slow receiver. By utilizing the Sliding Window mechanism, the receiver advertises its available buffer space, allowing the sender to adjust the volume of outstanding data and maintain a steady, loss-free flow of information."
네트워크,TCP의 혼잡 제어(Congestion Control)가 필요한 이유와 주요 3가지 페이즈를 설명해주세요,네트워크 과부하를 막기 위해 Slow Start 등으로 전송량을 조절하며 상태를 유추함,상,"혼잡제어, Slow Start, 회피",전송계층,Reasons for TCP Congestion Control and its three main phases,Regulates transfer rate via Slow Start to prevent network congestion,"Congestion Control, Slow Start, Avoidance",Transport Layer,"혼잡제어는 네트워크 자체의 과부하를 막기 위해 데이터 전송 속도를 제어하는 기술입니다. 초기 전송량을 기하급수적으로 늘리는 Slow Start 단계를 거쳐, 네트워크가 감당할 수 있는 수준에 도달하면 선형적으로 늘리는 회피 단계를 수행합니다. 이를 통해 패킷 유실을 최소화하고 전체 네트워크의 붕괴를 예방합니다.","Congestion Control is vital for maintaining network stability by preventing traffic collapse. It begins with Slow Start, rapidly increasing the window size to probe capacity, and then transitions into congestion Avoidance to cautiously approach the maximum throughput without causing excessive drops or packet loss."
네트워크,라우터가 패킷을 받아 목적지로 전달하기 위해 수행하는 핵심 역할은 무엇인가요?,목적지 주소를 확인하고 라우팅 테이블을 참조하여 최적의 경로로 패킷을 포워딩함,중,"라우터, 포워딩, 라우팅테이블",네트워크계층,Core role of a router in receiving and forwarding packets to their destinations,Checks destination and forwards packets via optimal routes using routing tables,"Router, Forwarding, Routing Table",Network Layer,"라우터는 네트워크 계층의 핵심 장비로, 수신한 패킷의 목적지 IP 주소를 확인하여 최적의 경로로 전달하는 포워딩을 수행합니다. 이때 가장 적합한 경로 정보를 담고 있는 라우팅테이블을 참조하며, 다양한 경로 탐색 알고리즘을 통해 데이터가 목적지까지 가장 빠르고 효율적으로 도달할 수 있도록 경로를 결정합니다.","A Router is responsible for the Forwarding of packets between different networks. It examines the destination address of an incoming packet and looks up the best exit interface in its Routing Table. This ensures that data travels through an optimal path, connecting disparate networks into a cohesive global infrastructure."
네트워크,IP 주소의 계층적 구조와 서브넷 마스크를 통해 네트워크를 구분하는 이유는 무엇인가요?,네트워크와 호스트를 구분하여 복잡한 라우팅 테이블을 효율적으로 관리하기 위함임,하,"IP주소, 서브넷마스크, 계층화",네트워크계층,Hierarchical structure of IP addresses and the purpose of using subnet masks,Distinguishes networks from hosts to manage complex routing tables efficiently,"IP Address, Subnet Mask, Hierarchy",Network Layer,"IP주소는 전 세계 컴퓨터를 식별하기 위해 계층화된 구조를 가집니다. 서브넷마스크를 사용하면 이 주소에서 네트워크 부분과 호스트 부분을 명확히 구분할 수 있는데, 이를 통해 거대한 인터넷 망에서도 라우터가 목적지 네트워크를 빠르게 찾아내어 라우팅 테이블을 효율적으로 관리할 수 있게 됩니다.","An IP Address has a hierarchical structure to identify devices globally. By using a Subnet Mask, the system distinguishes between the network and host portions of the address. This Hierarchy allows routers to manage complex routing tables efficiently by grouping devices into specific sub-networks rather than tracking every individual host."
네트워크,NAT 기술이 주소 부족 문제를 해결하는 원리와 보안상의 장점을 말씀해주세요,사설 IP를 공인 IP로 변환하여 주소를 절약하고 내부 네트워크 구조를 외부에 감춤,중,"NAT, 공인IP, 사설IP",네트워크계층,Principles of NAT in solving address scarcity and its security advantages,Converts private IPs to public to save addresses and hide internal structure,"NAT, Public IP, Private IP",Network Layer,"NAT 기술은 한정된 공인IP 부족 문제를 해결하기 위해 등장했습니다. 내부망에서는 여러 대의 장치가 사설IP를 사용하고, 외부 인터넷으로 나갈 때만 하나의 공인 주소로 변환하여 통신합니다. 이 과정에서 내부 네트워크 구조가 외부에 드러나지 않아 보안성이 강화되는 부수적인 장점도 있습니다.","NAT is a technique used to mitigate the scarcity of Public IP addresses by allowing multiple devices in a local network to share a single public address using Private IPs. Beyond saving addresses, NAT provides a security advantage by hiding the internal network topology from the outside world."
네트워크,DHCP 프로토콜을 통해 IP가 자동으로 할당되는 4단계 과정을 설명해주시겠어요?,"Discover, Offer, Request, ACK의 과정을 브로드캐스트를 활용해 진행함",중,"DHCP, IP자동할당",네트워크계층,Four-step process of automatic IP assignment via the DHCP protocol,"Performs Discover, Offer, Request, and ACK steps using broadcasts","DHCP, Automatic IP Assignment",Network Layer,"DHCP는 클라이언트에게 IP자동할당 서비스를 제공하는 프로토콜입니다. 과정은 4단계로 진행되는데, 클라이언트가 서버를 찾는 Discover, 서버가 주소를 제안하는 Offer, 클라이언트가 사용을 요청하는 Request, 그리고 최종적으로 서버가 승인하는 ACK 순서로 브로드캐스트를 통해 이루어집니다.","DHCP enables Automatic IP Assignment through a four-step handshake process. It starts with a DHCP Discover broadcast from the client, followed by an Offer from the server, a Request from the client for the specific address, and finally an ACK from the server to confirm the lease of the configuration."
네트워크,라우팅 알고리즘 중 링크 상태 방식과 거리 벡터 방식의 차이는 무엇인가요?,전체 네트워크 정보를 아는지 혹은 이웃 라우터의 정보만 활용하는지의 차이임,상,"다익스트라, 거리벡터, 알고리즘",네트워크계층,Differences between link-state and distance-vector routing algorithms,Difference between knowing the full network info vs. only neighboring routers,"Dijkstra, Distance Vector, Algorithm",Network Layer,라우팅 알고리즘은 정보 수집 범위에 따라 나뉩니다. 다익스트라 알고리즘을 사용하는 링크 상태 방식은 전체 네트워크 지도를 그려 최단 경로를 찾지만 계산 복잡도가 높습니다. 반면 거리벡터 방식은 이웃 라우터와 주기적으로 거리 정보를 교환하며 경로를 결정하는 비교적 단순한 방식입니다.,"Routing Algorithms vary based on how they discover the network topology. Link-state algorithms, such as Dijkstra, require full knowledge of the network to calculate the shortest path, while the Distance Vector approach relies on periodic updates from neighboring routers to determine the best path."
네트워크,이더넷이란 무엇이며 LAN 환경에서 활용되는 네트워크 규칙에 대해 설명해주세요,LAN에서 가장 많이 활용되는 규칙으로 CSMA/CD 프로토콜을 사용하여 통신함,하,"이더넷, LAN, 네트워크규칙",데이터링크계층,Definition of Ethernet and network rules applied in LAN environments,Most common LAN rule; communicates using the CSMA/CD protocol,"Ethernet, LAN, Network Rules",Data Link Layer,"이더넷은 LAN 환경에서 가장 널리 사용되는 유선 네트워크 기술 표준입니다. 여러 장치가 하나의 통신 매체를 공유할 때 발생하는 충족을 방지하기 위해 네트워크규칙인 CSMA/CD 프로토콜을 사용하며, 이를 통해 근거리 통신망 내에서 안정적인 데이터 송수신을 보장합니다.","Ethernet is the most widely adopted set of Network Rules for wired LAN environments. It defines how data frames are transmitted over physical media using the CSMA/CD protocol, ensuring reliable communication and standardized connectivity for devices within a local area network."
네트워크,이더넷 환경에서 충돌을 방지하는 CSMA/CD 프로토콜의 동작 원리는 무엇인가요?,케이블 신호를 감지해 전송하고 충돌 시 랜덤 시간 대기 후 재전송하는 방식임,중,"CSMA/CD, 충돌감지",데이터링크계층,Principles of the CSMA/CD protocol for collision prevention in Ethernet,Senses cable signals; waits random time to retransmit after a collision,"CSMA/CD, Collision Detection",Data Link Layer,"CSMA/CD는 이더넷에서 데이터 충돌감지를 수행하는 핵심 프로토콜입니다. 데이터를 보내기 전 회선이 사용 중인지 감지(Carrier Sense)하고, 아무도 없을 때 전송하지만 만약 충돌이 발생하면 즉시 전송을 중단합니다. 이후 랜덤한 시간을 대기했다가 재전송함으로써 충돌로 인한 데이터 손실을 방지합니다.","CSMA/CD is a protocol used in Ethernet to manage access to a shared medium and perform Collision Detection. It involves sensing the carrier before transmitting; if a collision occurs, the device stops immediately and waits for a pseudo-random amount of time before reattempting the transmission."
네트워크,MAC 주소의 구조와 IP 주소와는 다른 물리적 주소로서의 특징을 설명해주세요,장비 제조 시 부여되는 48비트 고유 식별 번호로 변경이 불가능한 물리 주소임,하,"MAC주소, 물리주소, 48비트",데이터링크계층,Structure of MAC addresses and their characteristics as physical addresses,Immutable 48-bit unique identifier assigned during hardware manufacturing,"MAC Address, Physical Address, 48-bit",Data Link Layer,"MAC주소는 네트워크 인터페이스 카드(NIC) 제조 시 하드웨어에 고유하게 부여되는 48비트 식별자입니다. IP 주소가 논리적이고 변경 가능한 주소인 것과 달리, MAC주소는 장치의 고유한 물리적 위치를 나타내는 물리주소로서 LAN 내부에서 실제 장치를 찾아가는 용도로 사용됩니다.","A MAC Address is a unique 48-bit identifier assigned to a network interface during manufacturing. Unlike IP addresses, it serves as a permanent Physical Address for hardware, allowing for the precise identification of devices at the Data Link layer within a local network segment."
네트워크,ARP 프로토콜이 IP 주소를 이용해 상대방의 MAC 주소를 알아내는 과정은 어떠한가요?,브로드캐스트로 요청을 보내 해당 IP를 가진 장치의 물리 주소를 받아 테이블에 저장함,중,"ARP, MAC주소, IP매핑",데이터링크계층,Process of the ARP protocol resolving MAC addresses using IP addresses,Sends broadcast to get MAC addresses for IPs and stores them in a table,"ARP, MAC Address, IP Mapping",Data Link Layer,"ARP는 논리적인 IP 주소를 기반으로 해당 장치의 물리적인 MAC주소를 알아내는 프로토콜입니다. IP매핑 정보를 얻기 위해 네트워크 전체에 브로드캐스트 요청을 보내면, 해당 IP를 가진 장치가 자신의 MAC 주소를 응답합니다. 이 정보는 효율성을 위해 ARP 테이블에 일정 기간 저장됩니다.","ARP is used for IP Mapping to resolve a known logical IP address into a physical MAC Address. The process involves broadcasting an ARP request to the network, and the device with the matching IP responds with its MAC address, which is then cached for future communication."
네트워크,스위치는 LAN 내에서 어떤 기능을 수행하며 스위치 테이블은 어떻게 활용되나요?,목적지 맥주소와 포트 번호를 매핑하여 패킷을 원하는 곳에 충돌 없이 전달함,하,"스위치, 스위치테이블, 포트",데이터링크계층,Functions of a switch in a LAN and the utilization of switch tables,Maps destination MACs to ports to deliver packets without collisions,"Switch, Switch Table, Port",Data Link Layer,"스위치는 데이터링크 계층에서 작동하며, 수신한 프레임의 목적지 MAC 주소를 확인하여 필요한 포트로만 데이터를 전달합니다. 이를 위해 스위치테이블에 각 포트에 연결된 장치의 주소 정보를 학습하고 저장하며, 이를 통해 네트워크 내부의 충돌 도메인을 나누고 통신 효율을 높입니다.","A **Link Layer Switch manages traffic within a LAN by using a Switch Table to map Port numbers to the MAC addresses of connected devices. This allows the device to forward frames only to the intended recipient, reducing unnecessary traffic and eliminating collisions within the network."
네트워크,"네트워크 보안의 3요소인 기밀성, 무결성, 가용성에 대해 각각 설명해주세요","허가된 접근 보장(기밀성), 변조 방지(무결성), 지속적 서비스 운영(가용성)임",중,"기밀성, 무결성, 가용성",네트워크보안,"Explain the CIA triad of network security: Confidentiality, Integrity, and Availability","CIA triad: Confidentiality, Integrity, and Availability","Confidentiality, Integrity, Availability",Network Security,"네트워크 보안은 기밀성, 무결성, 가용성이라는 세 가지 핵심 요소를 목표로 합니다. 인가된 사용자만 정보에 접근하는 기밀성, 데이터가 전송 중 변조되지 않았음을 보장하는 무결성, 그리고 필요할 때 언제든 서비스를 이용할 수 있는 상태인 가용성이 조화롭게 유지되어야 안전한 보안 환경이 조성됩니다.","Network security is defined by the CIA triad: Confidentiality, Integrity, and Availability. Confidentiality ensures data is accessible only to authorized parties, Integrity protects data from unauthorized alteration, and Availability guarantees that systems and information are accessible when needed."
네트워크,대칭키와 비대칭키 암호화 방식의 차이점과 각각의 장단점을 말씀해주세요,"동일 키를 쓰는 대칭키는 빠르고, 공개/비밀키를 쓰는 비대칭키는 키 전달이 안전함",중,"대칭키, 비대칭키, 암호화",네트워크보안,"Differences between symmetric and asymmetric encryption, including pros and cons",Symmetric (same key) is fast; Asymmetric (public/private) is secure for key transfer,"Symmetric Key, Asymmetric Key, Encryption",Network Security,"암호화 방식은 키의 사용 형태에 따라 구분됩니다. 대칭키 방식은 동일한 키로 암복호화를 수행하여 속도가 매우 빠르지만 키 전달이 어렵습니다. 반면 비대칭키 방식은 공개키와 비밀키 쌍을 사용하여 보안성이 뛰어나며, 주로 대칭키를 안전하게 공유하기 위한 용도로 함께 사용됩니다.","The primary difference in Encryption lies in key management: Symmetric Key algorithms use a single key for both locking and unlocking, offering high speed, while Asymmetric Key algorithms use a public-private pair for superior security in key exchange despite higher computational costs."
네트워크,HTTP와 HTTPS의 차이점과 SSL/TLS 프로토콜이 추가된 이유는 무엇인가요?,데이터 가로채기를 방지하기 위해 SSL/TLS를 이용해 HTTP 메시지를 암호화함,하,"HTTP, HTTPS, 데이터보안",네트워크보안,Differences between HTTP and HTTPS and the reason for adding SSL/TLS,Encrypts HTTP messages using SSL/TLS to prevent data interception,"HTTP, HTTPS, Data Security",Network Security,HTTP는 텍스트 기반의 평문 통신을 하므로 보안에 취약합니다. 이를 보완하기 위해 HTTPS는 SSL/TLS 프로토콜을 추가하여 모든 데이터를 암호화합니다. 이를 통해 해커가 패킷을 가로채더라도 내용을 알 수 없게 만들어 데이터보안을 강화하고 통신의 신뢰성을 높이는 것이 핵심 목적입니다.,"HTTPS is the secure version of HTTP, incorporating the SSL/TLS protocol to provide Data Security through encryption. By encrypting the communication channel, HTTPS protects sensitive user information from being intercepted or tampered with by unauthorized third parties during transit."
네트워크,SSL/TLS Handshake를 통해 HTTPS 연결이 확립되는 과정을 설명해주시겠어요?,서버 인증서를 검증하고 비대칭키로 대칭키를 안전하게 교환하여 통신을 준비함,상,"SSL, Handshake, 인증서",네트워크보안,Process of establishing an HTTPS connection via SSL/TLS handshake,Verifies certificates and exchanges symmetric keys safely via asymmetric encryption,"SSL, Handshake, Certificate",Network Security,"SSL 핸드셰이크는 HTTPS 연결을 설정하는 보안 절차입니다. 클라이언트와 서버가 서로 인사를 나누며 암호화 방식을 협의하고, 서버가 제공한 인증서를 통해 신뢰성을 확인합니다. 이후 비대칭키 방식을 사용하여 실제 통신에 쓸 대칭키를 안전하게 교환함으로써 Handshake를 완료하고 보안 세션을 확립합니다.","The SSL Handshake is the process that establishes a secure connection for HTTPS. It involves authenticating the server via a digital Certificate and negotiating encryption algorithms. Through this Handshake, the client and server securely agree on a session key to encrypt all subsequent data exchange."
네트워크,웹 보안을 위협하는 XSS와 CSRF 공격의 차이점과 각각의 방어 대책은 무엇인가요?,XSS는 악성 스크립트 실행이 목적이고 CSRF는 사용자의 권한을 도용한 요청 위조임,상,"XSS, CSRF, 웹보안방어",네트워크보안,Differences between XSS and CSRF attacks and their respective countermeasures,XSS executes malicious scripts; CSRF forges requests using user authority,"XSS, CSRF, Web Security Defense",Network Security,XSS는 악의적인 스크립트를 웹 페이지에 삽입하여 사용자의 브라우저에서 실행되게 하는 공격입니다. 반면 CSRF는 사용자의 인증된 권한을 도용하여 원치 않는 요청을 서버에 보내게 만드는 공격입니다. 웹보안방어를 위해 입력값 검증과 CSRF 토큰 사용 등 각 공격 특성에 맞는 대책이 필수적입니다.,"XSS focuses on executing malicious scripts in a victim's browser, while CSRF aims to trick a validated user into submitting unauthorized requests to a web server. Effective Web Security Defense requires robust input filtering for XSS and the use of unique anti-forgery tokens to prevent CSRF."
네트워크,브루트포스 공격과 버퍼 오버플로 공격의 원리와 이에 대한 방어법을 설명해주세요,무차별 대입 방지를 위해 조합을 늘리고 입력값 크기 체크로 메모리 침범을 막음,중,"브루트포스, 버퍼오버플로",네트워크보안,Principles and defenses for brute-force and buffer overflow attacks,Prevents brute-force via complexity and prevents memory overflows via size checks,"Brute Force, Buffer Overflow",Network Security,"브루트포스 공격은 가능한 모든 조합을 무차별 대입하여 비밀번호 등을 알아내는 고전적인 해킹 수단입니다. 반면 버퍼오버플로는 할당된 메모리 범위를 넘치게 하여 시스템 권한을 획득하는 공격입니다. 이를 방지하려면 계정 잠금 정책을 도입하고, 코딩 시 입력값의 길이를 엄격히 제한하는 보안 코딩이 필요합니다.","A Brute Force attack attempts to crack credentials by trying every possible combination, whereas a Buffer Overflow exploits memory vulnerabilities to execute unauthorized code. Defenses include implementing rate-limiting for Brute Force and using bounds-checking in software to prevent memory corruption."
데이터베이스,"데이터베이스의 정의와 실시간 접근성, 동시성 등 주요 특징들에 대해 설명해주시겠어요?",여러 사람이 공유할 목적으로 만든 데이터 저장소이며 실시간 접근과 무결성 등의 특징을 가짐,하,"데이터베이스, 무결성, 실시간접근성",데이터베이스개요,Definition of a database and its key features like real-time accessibility and concurrency,Shared data repository featuring real-time access and data integrity,"Database, Integrity, Real-time Accessibility",Database Overview,"데이터베이스는 다수의 사용자가 공유하고 관리하기 위해 체계적으로 구조화된 데이터의 집합입니다. 데이터의 정확성을 유지하는 무결성, 언제든 데이터에 접근할 수 있는 실시간접근성, 그리고 여러 요청을 동시에 처리하는 동시성 제어 등을 통해 데이터 관리의 효율성을 극대화합니다.","A Database is an organized collection of structured information designed for shared access. Key characteristics include Integrity, which ensures data remains accurate and consistent, and Real-time Accessibility, allowing users to retrieve and update data instantly across concurrent sessions."
데이터베이스,DBMS란 무엇이며 대표적인 시스템의 종류에는 어떤 것들이 있나요?,데이터베이스 내 데이터에 접근하여 저장 및 수정을 돕는 시스템으로 MySQL과 오라클이 대표적임,하,"DBMS, MySQL, 오라클",데이터베이스개요,Definition of DBMS and types of representative database systems,"System for DB access/storage/modifications (e.g., MySQL, Oracle)","DBMS, MySQL, Oracle",Database Overview,DBMS는 사용자와 데이터베이스 사이에서 데이터를 관리하고 제어하는 소프트웨어 시스템입니다. 데이터의 무결성을 유지하며 효율적인 저장을 돕는 것이 주된 목적입니다. 시장에는 오픈 소스 기반의 MySQL이나 엔터프라이즈 환경에서 강력한 성능을 자랑하는 오라클 등 다양한 시스템이 널리 쓰이고 있습니다.,"A DBMS is the software layer that manages and interacts with a database. It provides tools for data definition, retrieval, and administration. Popular examples include MySQL, widely used for web applications, and Oracle, known for its robust features and scalability in large enterprise environments."
데이터베이스,"SQL 언어의 종류인 DDL, DML, DCL의 차이점과 대표적인 명령어를 말씀해주세요",구조를 정의하는 DDL과 데이터를 조작하는 DML 및 권한을 제어하는 DCL로 구분함,중,"DDL, DML, DCL",데이터베이스개요,"Differences between DDL, DML, and DCL with representative commands","Split into DDL (structure), DML (data manipulation), and DCL (permissions)","DDL, DML, DCL",Database Overview,"SQL 명령어는 역할에 따라 세 종류로 나뉩니다. 테이블의 구조를 생성하거나 변경하는 DDL(CREATE, ALTER), 데이터를 조회하고 수정하는 DML(SELECT, INSERT), 그리고 사용자 권한을 제어하는 DCL(GRANT, REVOKE)이 있습니다. 이들을 적절히 사용하여 데이터베이스의 생애 주기를 관리합니다.","SQL is categorized into DDL, which defines the database structure, DML, which handles data manipulation like searching and inserting, and DCL, which manages access permissions. Understanding the distinction between DDL, DML, and DCL is fundamental to effectively managing a relational database."
데이터베이스,"데이터베이스 모델링 단계인 개념적, 논리적, 물리적 모델링의 차이는 무엇인가요?",요구사항 분석 후 ERD를 거쳐 테이블 형태의 물리적 구조로 구체화하는 과정임,상,"모델링, ERD, 스키마",데이터베이스개요,"Differences between conceptual, logical, and physical database modeling",Process of materializing physical tables from requirements via ERD,"Modeling, ERD, Schema",Database Overview,"데이터베이스 모델링은 현실 세계의 데이터를 추상화하는 과정입니다. 초기에는 ERD를 통해 개체 간의 관계를 도식화하는 개념적 설계를 거치며, 이후 구체적인 테이블 형태와 데이터 타입 등을 정의하는 스키마 설계 단계를 통해 최종적인 물리적 데이터베이스 구조를 완성하게 됩니다.","Database Modeling is the process of defining how data is stored and organized. It typically begins with creating an ERD to visualize relationships and moves toward defining a specific database Schema, ensuring that the logical requirements are accurately translated into a physical implementation."
데이터베이스,"기본키, 외래키, 후보키 등 다양한 키의 종류와 각각의 특징에 대해 설명해주세요",유일성과 최소성을 바탕으로 행을 식별하거나 다른 테이블을 참조함,중,"기본키, 외래키, 후보키",데이터베이스개요,"Types and characteristics of database keys: Primary, Foreign, Candidate, etc.",Identifies rows based on uniqueness/minimality or references other tables,"Primary Key, Foreign Key, Candidate Key",Database Overview,"데이터베이스 키는 행을 식별하고 관계를 맺는 데 필수적입니다. 중복 없이 각 행을 유일하게 식별하는 기본키, 다른 테이블의 기본키를 참조하여 관계를 형성하는 외래키, 그리고 기본키가 될 자격이 있는 후보키 등을 통해 데이터 간의 관계를 정의하고 참조 무결성을 유지합니다.","Database keys like the Primary Key and Foreign Key are essential for identifying records and establishing relationships. While a Primary Key uniquely identifies each row, a Foreign Key links tables together, and Candidate Keys provide alternative unique identifiers, ensuring structured data organization."
데이터베이스,INNER JOIN과 OUTER JOIN 등 조인의 종류와 각각의 차이점은 무엇인가요?,두 테이블을 연결하여 검색하며 공통된 열을 기준으로 데이터를 결합함,중,"조인, INNERJOIN, OUTERJOIN",SQL다루기,"Types of SQL joins, including INNER JOIN and OUTER JOIN, and their differences",Connects tables to search and combines data based on common columns,"Join, INNER JOIN, OUTER JOIN",SQL Handling,"조인은 두 개 이상의 테이블을 연결하여 데이터를 검색하는 핵심 기술입니다. INNERJOIN은 양쪽 테이블에 모두 공통된 값을 가진 데이터만을 결합하여 출력하는 방식이며, OUTERJOIN은 공통된 값이 없더라도 기준이 되는 테이블의 데이터를 포함하여 결과를 생성합니다. 이를 통해 산재한 데이터를 유기적으로 결합할 수 있습니다.","Join operations are essential for retrieving data by combining rows from two or more tables based on a related column. An INNER JOIN returns only the records with matching values in both tables, while an OUTER JOIN includes rows even when there is no match in the opposing table, ensuring comprehensive data retrieval across relationships."
데이터베이스,SQL과 NoSQL의 결정적인 차이와 NoSQL이 적합한 상황은 언제인가요?,비정형 데이터 처리에 특화되어 스키마 없이 빠른 확장이 가능한 구조임,중,"SQL, NoSQL, 비정형데이터",SQL다루기,Critical differences between SQL and NoSQL and ideal scenarios for NoSQL,Schema-less structure optimized for unstructured data and rapid scaling,"SQL, NoSQL, Unstructured Data",SQL Handling,"SQL은 정해진 스키마를 따르는 관계형 데이터베이스인 반면, NoSQL은 고정된 틀 없이 비정형데이터를 저장하는 데 최적화되어 있습니다. NoSQL은 수평적 확장이 용이하여 데이터 구조가 자주 바뀌거나 대규모 트래픽을 빠르게 처리해야 하는 현대적인 웹 서비스 환경에서 특히 효과적으로 사용됩니다.","The primary difference between SQL and NoSQL lies in their data structure and scalability. While SQL uses a rigid schema, NoSQL is designed for Unstructured Data and offers a flexible schema-less approach. NoSQL is ideal for scenarios requiring rapid scaling and the handling of diverse, ever-changing data formats."
데이터베이스,시스템 부하를 줄이기 위해 사용되는 데이터 페이징 처리는 무엇인가요?,방대한 데이터 중 사용자가 볼 수 있는 만큼만 끊어서 보여주는 방식임,하,"페이징, 부하감소, 데이터조회",SQL다루기,Definition and purpose of data paging to reduce system load,Method of slicing vast data into chunks viewable by the user,"Paging, Load Reduction, Data Retrieval",SQL Handling,페이징 처리는 방대한 양의 데이터를 한꺼번에 조회할 때 발생하는 시스템 부하감소를 위해 사용됩니다. 전체 데이터를 한 번에 가져오는 대신 사용자가 실제 화면에서 보는 만큼만 구간을 나누어 조회하는 방식입니다. 이를 통해 효율적인 데이터조회 성능을 유지하고 네트워크 병목 현상을 방지할 수 있습니다.,"Paging is a technique used to partition large result sets into smaller, manageable chunks to ensure significant Load Reduction on the database server. By implementing Paging, the system improves Data Retrieval efficiency, as it only fetches the specific records needed for the current view instead of loading the entire dataset at once."
데이터베이스,"데이터베이스 이상현상인 삽입, 수정, 삭제 이상의 정의와 발생 원인을 설명해주세요",중복 저장으로 인해 데이터 조작 시 불일치나 정보 손실이 발생하는 현상임,중,"이상현상, 삽입이상, 삭제이상",정규화,"Definition and causes of database anomalies: Insertion, Update, and Deletion",Inconsistency or data loss during manipulation due to redundant storage,"Anomaly, Insertion Anomaly, Deletion Anomaly",Normalization,"데이터베이스 이상현상은 데이터 중복으로 인해 발생하며, 세 가지 유형으로 나뉩니다. 데이터를 추가할 때 불필요한 정보까지 넣어야 하는 삽입이상, 특정 정보를 지울 때 원치 않는 정보까지 삭제되는 삭제이상, 그리고 정보 수정 시 일관성이 깨지는 갱신 이상이 있습니다. 이러한 현상은 데이터의 신뢰성을 떨어뜨리는 주요 원인이 됩니다.","A database Anomaly occurs when poor table design leads to redundant data and manipulation issues. An Insertion Anomaly happens when data cannot be added without irrelevant info, while a Deletion Anomaly occurs when removing a record causes unintended loss of other data. These issues must be addressed to maintain database integrity."
데이터베이스,정규화의 개념과 릴레이션을 분해할 때 반드시 지켜야 할 조건은 무엇인가요?,중복을 최소화하기 위한 구조화 작업이며 무손실 분해가 가능해야 함,중,"정규화, 함수적종속성, 무손실분해",정규화,Concept of normalization and required conditions for relation decomposition,Structuring to minimize redundancy; must allow lossless decomposition,"Normalization, Functional Dependency, Lossless Decomposition",Normalization,"정규화는 중복을 최소화하고 데이터의 논리적 일관성을 확보하기 위해 테이블을 분해하는 과정입니다. 이때 각 속성 간의 함수적종속성을 분석하여 테이블을 나누게 되는데, 가장 중요한 원칙은 분해된 테이블들을 다시 결합했을 때 원래의 데이터가 그대로 복원되는 무손실분해가 보장되어야 한다는 점입니다.","Normalization is the process of structuring a database to reduce redundancy and improve data integrity. It relies on analyzing Functional Dependency between attributes to decompose tables. A critical requirement during this process is Lossless Decomposition, ensuring that the original data can be perfectly reconstructed without any information gain or loss."
데이터베이스,제1정규형부터 BCNF까지 정규화가 진행되는 단계별 특징을 말씀해주세요,원자값 확보부터 이행적 종속 제거 및 결정자의 후보키 여부를 판단함,상,"정규형, 1NF, 2NF, 3NF, BCNF",정규화,Step-by-step characteristics of normalization from 1NF to BCNF,Steps from ensuring atomic values to removing transitive dependencies,"Normal Form, 1NF, 2NF, 3NF, BCNF",Normalization,"정규형은 단계별로 데이터의 구조를 개선해 나가는 표준입니다. 도메인이 원자값인 1NF부터, 부분 함수 종속을 제거한 2NF, 이행적종속성을 제거한 3NF, 그리고 모든 결정자가 후보키가 되도록 하는 BCNF까지 진행됩니다. 각 단계는 데이터의 중복을 제거하여 저장 공간을 절약하고 이상현상을 방지하는 특징이 있습니다.","The Normal Form stages categorize the level of database optimization. Starting from 1NF, which ensures atomic values, to 2NF, 3NF, and BCNF, each step aims to eliminate specific types of redundancies and dependencies. Progressing through these forms leads to a highly stable and efficient database structure."
데이터베이스,트랜잭션의 정의와 신뢰성을 보장하는 ACID 특성에 대해 설명해주시겠어요?,"논리적 작업 단위로 원자성, 일관성, 격리성, 지속성을 모두 만족해야 함",중,"트랜잭션, ACID, 원자성",트랜잭션,Definition of transactions and the ACID properties that guarantee reliability,Logical unit of work that must satisfy the ACID properties,"Transaction, ACID, Atomicity",Transactions,"트랜잭션은 데이터베이스의 상태를 변화시키는 하나의 논리적인 작업 단위입니다. 신뢰성을 보장하기 위해 ACID라는 네 가지 특성을 지켜야 하는데, 그중 원자성은 작업이 모두 반영되거나 아니면 전혀 반영되지 않아야 한다는 'All or Nothing'의 원칙을 의미합니다.","A Transaction is a logical unit of processing that must strictly adhere to the ACID properties to ensure database reliability. Among these, Atomicity guarantees that the Transaction is treated as a single, indivisible unit, meaning either all of its operations are completed or none are applied to the database."
데이터베이스,"트랜잭션이 실행 중에 거치게 되는 활동, 완료, 실패 등의 상태를 설명해주세요",정상 완료인 커밋부터 오류로 인한 중단까지 다양한 실행 상태를 가짐,하,"트랜잭션상태, 커밋, 중단",트랜잭션,"States of a transaction during execution: Active, Committed, Failed, etc.",Has various states ranging from committed (success) to aborted (failure),"Transaction State, Commit, Abort",Transactions,"트랜잭션상태는 실행 과정에 따라 여러 단계로 변화합니다. 실행 중인 '활동' 상태에서 모든 연산이 끝난 후 영구히 반영되는 커밋 상태로 전이되거나, 오류나 문제 발생 시 작업을 취소하고 이전으로 되돌리는 중단 상태가 될 수 있습니다. 이러한 상태 관리를 통해 데이터의 안전한 변경을 보장합니다.","During its execution, a Transaction State can move from 'Active' to 'Partially Committed,' eventually reaching a Commit for success or an Abort for failure. A Commit makes changes permanent, while an Abort ensures that any partial changes are rolled back, keeping the database in a consistent state."
데이터베이스,트랜잭션 격리 수준의 단계와 각 단계에서 발생할 수 있는 데이터 문제는 무엇인가요?,Dirty Read와 Phantom Read 방지를 위해 정확도와 동시성 사이를 조절함,상,"격리수준, DirtyRead, PhantomRead",트랜잭션,Transaction isolation levels and potential data issues at each level,Balances accuracy and concurrency to prevent Dirty/Phantom Reads,"Isolation Level, Dirty Read, Phantom Read",Transactions,"격리수준은 여러 트랜잭션이 동시에 실행될 때 서로 어느 정도까지 영향을 미칠지 결정하는 설정입니다. 낮은 단계에서는 아직 커밋되지 않은 데이터를 읽는 DirtyRead가 발생할 수 있고, 높은 단계에서는 데이터의 일관성은 높아지지만 새로운 행이 나타나는 PhantomRead 방지 등의 이유로 성능(동시성)이 저하될 수 있어 적절한 타협이 필요합니다.","The Isolation Level determines how transaction integrity is visible to other concurrent operations. Lower levels may suffer from a Dirty Read, while higher levels prevent complex issues like a Phantom Read at the cost of concurrency. Balancing these levels is key to optimizing both database performance and data accuracy."
데이터베이스,트랜잭션의 교착 상태 빈도를 낮추기 위한 구체적인 방법은 무엇인가요?,자주 커밋을 수행하고 정해진 순서로 테이블에 접근하는 방식을 사용함,중,"데드락, 커밋, 접근순서",트랜잭션,Specific methods to reduce the frequency of transaction deadlocks,Uses frequent commits and fixed table access orders to reduce deadlocks,"Deadlock, Commit, Access Order",Transactions,"데드락은 두 개 이상의 트랜잭션이 서로가 가진 자원을 무한히 기다리는 교착 상태를 의미합니다. 이를 줄이기 위해서는 트랜잭션의 크기를 작게 유지하여 자주 커밋을 수행하고, 여러 테이블을 사용할 때 항상 정해진 접근순서를 지키도록 프로그래밍하여 자원 점유의 꼬임을 사전에 방지하는 것이 좋습니다.","A Deadlock occurs when multiple transactions are stuck waiting for each other to release locks. To minimize this, developers should aim for smaller transactions with frequent Commit operations and always maintain a consistent Access Order for tables, preventing circular wait conditions in the database."
데이터베이스,데이터베이스 회복 기법에서 로그를 활용한 Redo와 Undo 연산의 차이는 무엇인가요?,장애 전으로 복구하기 위해 연산을 재실행하거나 취소하는 복구 방식임,중,"회복기법, Redo, Undo",트랜잭션,Differences between Redo and Undo operations in log-based database recovery,Recovery method by redoing or undoing operations to restore state,"Recovery Technique, Redo, Undo",Transactions,"회복기법은 시스템 장애 시 데이터를 정상으로 되돌리는 방법입니다. 로그 파일의 정보를 바탕으로, 이미 커밋된 내용은 다시 실행하여 반영하는 Redo 연산을 수행하고, 장애 발생 시 완료되지 않았던 작업은 취소하여 되돌리는 Undo 연산을 적절히 조합하여 데이터의 일관성을 복구합니다.","A Recovery Technique ensures that a database returns to a consistent state after a crash. By utilizing logs, the system performs a Redo to re-apply successful transactions and an Undo to roll back incomplete ones. This ensures that the Recovery Technique maintains the integrity of the data even after unexpected failures."
데이터베이스,병행 제어의 개념과 로킹 기법을 통해 데이터 일관성을 유지하는 방법은 무엇인가요?,여러 트랜잭션이 동시에 실행될 때 독점권 요청과 반납을 통해 제어함,중,"병행제어, 로킹기법",트랜잭션,Concept of concurrency control and maintaining consistency via locking,Controls concurrent transactions via requesting and releasing exclusive rights,"Concurrency Control, Locking Technique",Transactions,"병행제어는 여러 사용자가 동시에 데이터베이스에 접근할 때 데이터의 일관성을 해치지 않도록 관리하는 기술입니다. 대표적으로 로킹기법을 사용하는데, 특정 데이터에 접근할 때 잠금을 걸어 다른 트랜잭션이 동시에 수정하지 못하도록 차단함으로써 데이터의 무결성을 유지하고 갱신 손실 문제를 해결합니다.","Concurrency Control is the mechanism used to manage simultaneous access to data without conflict. The most common approach is the Locking Technique, which prevents multiple transactions from interfering with each other by assigning locks to data items, thereby ensuring serializability and overall database consistency."
데이터베이스,인덱스란 무엇이며 검색 속도 향상을 위해 인덱스가 필요한 이유는 무엇인가요?,추가 저장 공간을 활용해 B+Tree 등의 자료구조로 전체 스캔 없이 데이터를 찾음,하,"인덱스, 검색성능, 자료구조",인덱스,Definition of an index and why it is necessary for improving search speed,Uses B+Tree to find data without full scans via extra storage space,"Index, Search Performance, Data Structure",Index,"인덱스는 데이터베이스 테이블의 검색성능을 획기적으로 높이기 위해 사용하는 별도의 저장 공간입니다. 책의 색인과 같은 역할을 하며, B+Tree와 같은 효율적인 자료구조를 사용하여 테이블 전체를 읽는 풀 스캔 없이 원하는 데이터를 빠르게 찾아낼 수 있도록 돕습니다.","An Index is a dedicated Data Structure created to accelerate the process of finding specific records. By using an Index, the database can bypass time-consuming full-table scans, significantly enhancing Search Performance and allowing for near-instant data retrieval in large-scale environments."
데이터베이스,클러스터형 인덱스와 비클러스터형 인덱스의 내부 저장 구조 차이는 무엇인가요?,실제 데이터가 정렬되는 방식과 별도 페이지를 생성하는 방식의 차이임,상,"클러스터형인덱스, 보조인덱스",인덱스,Structural differences between clustered and non-clustered indexes,Difference between sorting actual data vs. creating separate index pages,"Clustered Index, Secondary Index",Index,"클러스터형인덱스는 실제 데이터의 물리적인 저장 순서가 인덱스 순서와 동일하게 정렬되는 구조로, 테이블당 단 하나만 생성할 수 있습니다. 반면 보조인덱스인 비클러스터형 인덱스는 데이터 자체를 정렬하지 않고 별도의 페이지에 인덱스를 구성하며, 실제 데이터의 위치를 가리키는 포인터를 가집니다.","A Clustered Index physically reorders the data in the table to match the index, whereas a Secondary Index maintains a separate structure with pointers to the data locations. Because a Clustered Index dictates the physical layout, it is typically used for the primary key to optimize range queries."
데이터베이스,인덱스 구현에 주로 사용되는 B+Tree 자료구조의 특징과 장점은 무엇인가요?,루트와 리프 노드 이동을 통해 데이터 탐색 속도를 극대화하는 구조임,상,"B+Tree, 노드탐색",인덱스,Characteristics and advantages of the B+Tree structure used in indexing,Structure that maximizes search speed via root-to-leaf node navigation,"B+Tree, Node Search",Index,B+Tree는 인덱스 구현에 널리 쓰이는 계층적 자료구조입니다. 모든 실제 데이터는 리프 노드에만 저장되고 리프 노드끼리 연결 리스트로 연결되어 있어 범위 검색에 매우 유리합니다. 루트 노드부터 시작하는 효율적인 노드탐색을 통해 방대한 데이터 속에서도 일정한 시간 내에 원하는 값을 찾을 수 있는 장점이 있습니다.,"The B+Tree is the preferred structure for indexing because it keeps data balanced and facilitates efficient range scans. Its advantage lies in the predictable Node Search speed, where the distance from the root to any leaf remains constant, ensuring high performance even as the volume of data grows."
데이터베이스,두 개 이상의 컬럼을 조합한 복합인덱스 설정 시 주의해야 할 사항은 무엇인가요?,컬럼의 순서가 중요하며 단일 인덱스보다 DML 효율이 떨어질 수 있음,중,"복합인덱스, 컬럼순서",인덱스,Precautions when setting up composite indexes (multi-column indexes),Column order is vital; may reduce DML efficiency compared to single indexes,"Composite Index, Column Order",Index,"복합인덱스는 두 개 이상의 컬럼을 합쳐서 하나의 인덱스로 만드는 방식입니다. 이때 가장 중요한 점은 컬럼순서인데, WHERE 절에서 첫 번째 컬럼이 조건으로 들어가지 않으면 인덱스가 제대로 작동하지 않을 수 있습니다. 따라서 카디널리티가 높은 컬럼을 앞쪽에 배치하는 전략이 필요합니다.","A Composite Index is an index built on multiple columns. The efficiency of a Composite Index depends heavily on the Column Order, as the database optimizer typically filters data starting from the leading column. Choosing the correct sequence based on query patterns is vital for maximizing search benefits."
데이터베이스,인덱스로 인해 오히려 DML 성능이 저하되는 상황은 어떤 경우인가요?,INSERT나 DELETE 시 페이지 분할과 사용 안 됨 표시로 부하가 발생함,중,"페이지분할, DML저하",인덱스,"Scenarios where indexes degrade DML (Insert, Update, Delete) performance",Causes overhead during Insert/Delete due to page splits or 'deleted' markers,"Page Split, DML Degradation",Index,"인덱스가 많으면 조회는 빠르지만, 페이지분할로 인해 DML(INSERT, UPDATE, DELETE) 성능은 오히려 저하될 수 있습니다. 데이터를 추가할 때 인덱스 페이지의 공간이 부족하면 새로운 페이지를 만드는 과정이 필요하며, 삭제 시에도 실제 데이터를 지우지 않고 사용 안 됨 표시만 하는 등의 추가적인 부하가 발생하여 전체적인 DML저하를 초략할 수 있습니다.","While indexes speed up reads, they can cause DML Degradation because every modification requires an update to the index structure. Operations like INSERT can lead to a Page Split, where the system must reorganize data blocks, adding significant overhead that slows down the overall writing performance."
데이터베이스,인덱스를 생성할 컬럼을 선정할 때 어떤 기준을 고려하는 것이 가장 좋은가요?,카디널리티가 높고 WHERE절이나 조인에 자주 사용되는 열을 선정함,상,"컬럼선정, 카디널리티",인덱스,Best criteria to consider when selecting columns for index creation,Selects columns with high cardinality or frequent use in WHERE/JOIN clauses,"Column Selection, Cardinality",Index,"효율적인 인덱스 설정을 위해 컬럼선정 기준을 잘 잡아야 합니다. 중복된 값이 적고 고유한 값이 많은, 즉 카디널리티가 높은 컬럼을 인덱스로 잡는 것이 검색 범위를 좁히는 데 유리합니다. 또한 자주 조인되는 열이나 조건절에 빈번하게 등장하는 컬럼을 우선적으로 고려해야 합니다.","Successful Column Selection for indexing involves identifying fields with high Cardinality, such as unique IDs or emails. By selecting columns where values are diverse, the index can effectively filter out the majority of irrelevant rows, resulting in much faster query execution and improved resource utilization."
데이터베이스,샤딩과 파티셔닝의 차이점과 대용량 데이터 처리 시 각각의 활용법은 무엇인가요?,물리적으로 서버를 나누는 샤딩과 논리적으로 테이블을 가르는 파티셔닝임,상,"샤딩, 파티셔닝, 분산저장",데이터최적화,Differences between sharding and partitioning and their use in big data,Sharding (physical server split) vs. Partitioning (logical table split),"Sharding, Partitioning, Distributed Storage",Data Optimization,"대용량 데이터 처리를 위해 샤딩과 파티셔닝을 활용합니다. 파티셔닝은 하나의 서버 안에서 테이블을 논리적으로 가르는 방식인 반면, 샤딩은 여러 대의 서버에 데이터를 분산하여 물리적으로 나누어 저장하는 방식입니다. 이를 통해 트래픽을 분산하고 분산저장을 통한 시스템 확장성을 확보할 수 있습니다.","Sharding and Partitioning are strategies for managing large datasets through Distributed Storage. While Partitioning divides a table into logical segments within a single instance, Sharding involves horizontal scaling by spreading data across multiple physical servers to enhance performance and fault tolerance."
데이터베이스,SQL 인젝션 공격의 원리와 이를 방어하기 위한 Prepared Statement의 원리는 무엇인가요?,사용자 입력값을 쿼리와 분리하여 바인딩함으로써 악성 코드 실행을 막음,중,"SQL인젝션, PreparedStatement",데이터베이스보안,Principles of SQL Injection and how Prepared Statements prevent it,Prevents malicious code by binding user inputs separately from queries,"SQL Injection, Prepared Statement",Database Security,"SQL인젝션은 사용자 입력값에 악성 SQL 문구를 삽입하여 DB를 탈취하는 공격입니다. 이를 방어하기 위해서는 PreparedStatement를 사용해야 합니다. 쿼리의 구조를 미리 컴파일해두고 입력값은 단순한 파라미터로만 바인딩함으로써, 입력된 값이 명령어가 아닌 순수 데이터로만 취급되도록 강제하여 공격을 원천 차단합니다.","SQL Injection is a critical vulnerability where attackers execute unauthorized commands through input fields. Using a Prepared Statement is the most effective defense, as it separates the SQL logic from the data. By pre-compiling the query, the Prepared Statement ensures that user input is treated strictly as literal data, preventing code execution."
자료구조,자료구조를 학습해야 하는 이유와 이를 통해 얻을 수 있는 이점은 무엇인가요,효율적인 알고리즘 구현 및 문제 해결 능력을 키워 최적의 데이터 관리를 가능하게 함,하,"자료구조, 알고리즘, 효율성",자료구조개요,Why should we study data structures and what are the benefits?,Enables optimal data management by improving algorithm and problem-solving skills,"Data Structure, Algorithm, Efficiency",Data Structure Overview,"자료구조는 데이터를 효율적으로 관리하고 저장하기 위한 틀입니다. 이를 학습하면 특정 문제에 가장 적합한 자료구조를 선택할 수 있게 되어, 실행 속도와 메모리 사용 측면에서 효율성을 극대적화한 알고리즘을 구현할 수 있는 능력을 갖추게 됩니다.","Studying Data Structures is essential for creating optimal software. It allows developers to choose the most suitable way to organize data, leading to higher Efficiency and improved Algorithm performance when solving complex problems."
자료구조,선형 자료구조와 비선형 자료구조의 결정적인 차이점에 대해 설명해주시겠어요,데이터가 순차적으로 배치되는지 혹은 계층적·망형으로 연결되는지의 차이임,하,"선형, 비선형, 계층구조",자료구조개요,Explain the critical difference between linear and non-linear data structures,Difference between sequential placement vs. hierarchical/networked connections,"Linear, Non-linear, Hierarchy",Data Structure Overview,"선형 자료구조는 배열이나 스택처럼 데이터가 일렬로 나열되는 방식인 반면, 비선형 자료구조는 트리나 그래프와 같이 데이터가 일대다 또는 다대다의 계층구조나 망형으로 연결되는 방식입니다. 선형은 순차적인 관계를, 비선형은 복잡한 관계를 표현하는 데 적합합니다.","The main difference is the relationship between elements. Linear structures organize data in a sequence, while Non-linear structures like trees use a Hierarchy or network to represent more complex relationships between data points."
자료구조,배열과 리스트의 메모리 구조 차이와 각각 어느 상황에 적합한지 말씀해주세요,배열은 연속 메모리의 고정 크기이며 리스트는 동적 크기로 삽입·삭제가 빈번할 때 유리함,중,"배열, 리스트, 메모리구조",배열과리스트,Memory structure differences between arrays and lists and their suitable use cases,Arrays have fixed size/contiguous memory; Lists are dynamic and better for inserts,"Array, List, Memory Structure",Arrays & Lists,"배열은 연속된 메모리구조에 고정된 크기로 데이터를 저장하여 인덱스 접근이 빠르지만, 리스트는 떨어진 공간의 데이터를 포인터로 이어 동적으로 크기를 조절할 수 있습니다. 따라서 조회 위주라면 배열을, 삽입과 삭제가 빈번하다면 리스트를 선택하는 것이 효율적입니다.","An Array uses a contiguous Memory Structure with a fixed size, making it ideal for fast indexing. In contrast, a List is dynamic and stores elements non-contiguously, providing better flexibility for frequent additions and removals compared to the rigid structure of an array."
자료구조,ArrayList와 LinkedList의 구현 방식과 시간 복잡도 관점에서의 차이는 무엇인가요,인덱스 접근은 ArrayList가 빠르고 중간 데이터의 삽입과 삭제는 LinkedList가 효율적임,중,"ArrayList, LinkedList, 포인터",배열과리스트,Implementation and time complexity differences between ArrayList and LinkedList,ArrayList is fast for index access; LinkedList is efficient for middle inserts,"ArrayList, LinkedList, Pointer",Arrays & Lists,"ArrayList는 내부적으로 배열을 사용하여 데이터 조회 성능이 뛰어나지만, LinkedList는 노드 간에 포인터를 사용하여 데이터를 연결합니다. 이 덕분에 LinkedList는 중간에 요소를 추가하거나 삭제할 때 데이터의 이동 없이 효율적으로 처리할 수 있는 장점이 있습니다.","ArrayList provides fast access via indices but struggles with insertions and deletions. LinkedList, however, uses a Pointer to link nodes, making it far more efficient for modifying elements in the middle of the structure without shifting large amounts of data."
자료구조,스택 자료구조의 핵심적인 특징과 주로 사용되는 연산에 대해 설명해주세요,나중에 들어온 데이터가 먼저 나가는 후입선출 구조로 push와 pop 연산을 사용함,하,"스택, LIFO, push, pop",스택과큐,Core characteristics and primary operations of the Stack data structure,Last-In-First-Out (LIFO) structure using push and pop operations,"Stack, LIFO, push, pop",Stacks & Queues,"스택은 한쪽 끝에서만 데이터를 넣고 뺄 수 있는 후입선출(LIFO) 방식의 자료구조입니다. 새로운 데이터를 추가하는 push 연산과 가장 최근에 들어온 데이터를 제거하는 pop 연산을 핵심으로 하며, 함수의 콜 스택이나 웹 브라우저의 뒤로 가기 기능 등에 주로 활용됩니다.","A Stack is a linear data structure following the LIFO (Last-In-First-Out) principle. It primarily uses push to add elements and pop to remove the top-most item, making it an essential tool for managing function calls and undo operations in software applications."
자료구조,큐 자료구조의 동작 원리와 실생활 예시를 들어 설명해주시겠어요,먼저 들어온 데이터가 먼저 나가는 선입선출 구조로 줄 서기 방식과 유사함,하,"큐, FIFO, enqueue, dequeue",스택과큐,Operating principles of the Queue data structure with real-world examples,First-In-First-Out (FIFO) structure similar to standing in a line,"Queue, FIFO, enqueue, dequeue",Stacks & Queues,"큐는 먼저 들어온 데이터가 먼저 나가는 선입선출(FIFO) 방식의 자료구조입니다. 데이터를 뒤에 넣는 enqueue와 앞에서 꺼내는 dequeue 연산을 통해 데이터의 순서를 보장하며, 주로 프린터 작업 대기열이나 맛집 예약 시스템과 같은 줄 서기 방식에 사용됩니다.","A Queue operates on the FIFO (First-In-First-Out) principle, similar to people standing in a line. It utilizes enqueue to add data to the back and dequeue to remove it from the front, ensuring orderly data processing in scenarios like print spooling or task scheduling."
자료구조,덱(Deque) 자료구조란 무엇이며 스택이나 큐와 비교했을 때 어떤 장점이 있나요,양방향에서 삽입과 삭제가 모두 가능하여 스택과 큐의 기능을 동시에 수행할 수 있음,중,"덱, Deque, 양방향연산",스택과큐,What is a Deque and its advantages over Stacks or Queues?,Allows insertion/deletion from both ends; combines Stack and Queue features,"Deque, Deque, Bidirectional Operation",Stacks & Queues,"덱(Deque)은 양쪽 끝에서 삽입과 삭제가 모두 가능한 자료구조입니다. 스택과 큐의 성질을 모두 가지고 있어 상황에 따라 자유롭게 양방향연산을 수행할 수 있다는 장점이 있으며, 최근에 본 페이지 목록이나 윈도우 슬라이딩 알고리즘 등에서 매우 유연하게 쓰입니다.","A Deque, or Double-Ended Queue, is a versatile structure that supports Bidirectional Operation. Since it allows adding or removing elements from both ends, it effectively combines the functionalities of both a Stack and a Queue, providing greater flexibility for complex algorithms."
자료구조,해시 테이블의 개념과 평균적인 시간 복잡도가 O(1)인 이유는 무엇인가요,해시 함수를 통해 키를 배열 인덱스로 매핑하여 데이터에 직접 접근하기 때문임,중,"해시테이블, 해시함수, O(1)",해시테이블,Concept of Hash Tables and why their average time complexity is O(1),Provides direct access by mapping keys to array indices via hash functions,"Hash Table, Hash Function, O(1)",Hash Tables,"해시테이블은 해시함수를 사용하여 키를 배열의 인덱스로 매핑하기 때문에 데이터의 저장 위치를 즉각 알 수 있습니다. 이 덕분에 데이터의 크기에 상관없이 탐색, 삽입, 삭제 과정에서 평균적으로 **O(1)**이라는 매우 빠른 시간 복잡도를 가집니다.",A Hash Table achieves an average time complexity of O(1) by using a Hash Function to map keys directly to array indices. This direct mapping allows for near-instantaneous retrieval and storage of data regardless of how much information is stored in the table.
자료구조,효율적인 해시 테이블 운영을 위한 좋은 해시 함수의 조건은 무엇인가요,연산 속도가 빠르고 충돌을 최소화하며 데이터가 고르게 분포되도록 설계해야 함,상,"해시함수, 고른분포, 충돌최소화",해시테이블,Conditions for a good hash function for efficient hash table operation,"Designed for fast operations, minimal collisions, and even data distribution","Hash Function, Even Distribution, Collision Minimization",Hash Tables,"효율적인 해시 테이블 운영을 위해서는 해시함수의 설계가 매우 중요합니다. 특정 인덱스에 데이터가 쏠리지 않도록 고른분포를 유도해야 하며, 서로 다른 키가 같은 인덱스로 배정되는 충돌최소화를 통해 탐색 성능이 저하되는 것을 방지해야 합니다.","A high-quality Hash Function must be fast to compute and ensure an Even Distribution of keys across the table. By aiming for Collision Minimization, it prevents performance bottlenecks and maintains the overall efficiency and speed of the hash-based data system."
자료구조,해시 충돌을 해결하기 위한 개방 주소법과 체이닝 방식의 차이점을 설명해주세요,빈 공간을 찾는 개방 주소법과 연결 리스트로 데이터를 잇는 체이닝 방식으로 나뉨,상,"해시충돌, 개방주소법, 체이닝",해시테이블,Differences between Open Addressing and Chaining for hash collision resolution,Split into Open Addressing (finding empty slots) and Chaining (using lists),"Hash Collision, Open Addressing, Chaining",Hash Tables,"해시충돌 발생 시 개방주소법은 배열 내 비어있는 다른 버킷을 찾아 데이터를 저장하는 방식인 반면, 체이닝은 해당 버킷에 연결 리스트를 만들어 데이터를 계속 이어 나가는 방식입니다. 체이닝은 저장 공간의 제약에서 비교적 자유로워 실무에서 자주 사용됩니다.","When a Hash Collision occurs, Open Addressing seeks another empty slot within the existing array, whereas Chaining handles the conflict by attaching a linked list to the specific bucket. While both resolve conflicts, Chaining is often more robust for handling high-density datasets."
자료구조,그래프 탐색 기법인 BFS와 DFS의 구현 방식과 특징에 대해 말씀해주세요,BFS는 큐를 활용한 너비 우선 탐색이며 DFS는 재귀나 스택을 이용한 깊이 우선 탐색임,중,"BFS, DFS, 큐, 스택",그래프,Implementation and characteristics of graph traversal techniques: BFS and DFS,BFS uses a Queue (Breadth-First); DFS uses Recursion/Stack (Depth-First),"BFS, DFS, Queue, Stack",Graphs,"BFS는 큐를 활용하여 인접한 노드부터 차례대로 탐색하는 너비 우선 방식이며 최단 경로를 찾는 데 유리합니다. 반대로 DFS는 스택이나 재귀 함수를 사용하여 한 경로를 끝까지 깊게 탐색하는 깊이 우선 방식이며, 미로 찾기나 그래프의 사이클 존재 여부를 확인할 때 사용됩니다.","BFS (Breadth-First Search) explores neighbors first using a Queue, making it ideal for finding shortest paths. In contrast, DFS (Depth-First Search) dives deep into a branch using a Stack or recursion, which is useful for exhaustive pathfinding and cycle detection."
자료구조,그래프를 구현하는 두 가지 방식인 인접 행렬과 인접 리스트의 차이는 무엇인가요,정방 행렬을 사용하는 방식과 연결 리스트로 인접 노드를 연결하는 방식의 차이임,중,"인접행렬, 인접리스트",그래프,Differences between Adjacency Matrix and Adjacency List for graph implementation,Difference between using a square matrix vs. an adjacency list,"Adjacency Matrix, Adjacency List",Graphs,"인접행렬은 2차원 배열을 사용하여 노드 간의 연결 관계를 직관적으로 파악할 수 있지만 노드가 많을 때 메모리 낭비가 큽니다. 인접리스트는 실제 연결된 노드들만 리스트로 관리하여 메모리를 아낄 수 있으므로, 간선이 적은 희소 그래프에서 훨씬 효율적으로 동작합니다.","An Adjacency Matrix uses a 2D array to represent connections, offering quick edge lookups but higher memory cost. An Adjacency List only stores existing edges in a list format, significantly reducing space requirements, especially in sparse graph implementations."
자료구조,트리 자료구조의 정의와 그래프와 비교했을 때 트리가 가지는 제약 조건은 무엇인가요,부모·자식의 계층 구조를 가지며 사이클이 존재하지 않는 단방향 그래프임,중,"트리, 계층관계, 사이클",트리,Definition of a Tree and its constraints compared to a Graph,Unidirectional graph with parent-child hierarchy and no cycles,"Tree, Hierarchy, Cycle",Trees,"트리는 부모와 자식 사이의 계층관계를 표현하는 자료구조로, 그래프의 일종이지만 사이클이 존재하지 않는다는 제약이 있습니다. 또한 루트 노드가 하나이며 모든 노드가 단방향으로 연결된 계층적 구조를 가져 조직도나 파일 시스템 등을 표현하기에 최적입니다.","A Tree is a specialized graph that represents a clear Hierarchy with a single root node. Unlike a general graph, a Tree must have no Cycles and maintain a strictly connected, acyclic structure where each child node has exactly one parent node."
자료구조,"이진 트리의 종류인 정 이진 트리, 포화 이진 트리, 완전 이진 트리의 차이를 설명해주세요",자식 노드의 개수와 리프 노드의 레벨 및 노드가 채워진 형태에 따라 구분함,중,"이진트리, 포화이진트리, 완전이진트리",트리,"Differences between Full, Perfect, and Complete Binary Trees","Classified by child count, leaf level, and node filling pattern","Binary Tree, Perfect Binary Tree, Complete Binary Tree",Trees,"이진트리는 각 노드가 최대 두 개의 자식을 가집니다. 모든 레벨이 꽉 찬 포화이진트리와, 마지막 레벨을 제외하고는 모두 채워져 있으며 왼쪽부터 빈틈없이 채워진 완전이진트리로 구분됩니다. 이러한 구조는 데이터 검색 및 힙 구현의 기초가 됩니다.","A Binary Tree is a structure where each node has at most two children. A Perfect Binary Tree is fully filled at every level, while a Complete Binary Tree is filled sequentially from left to right, ensuring efficient space utilization in various algorithm implementations."
자료구조,이진 탐색 트리(BST)의 특징과 최악의 경우 시간 복잡도가 O(n)이 되는 이유는 무엇인가요,"왼쪽은 작은 값, 오른쪽은 큰 값을 배치하며 한쪽으로 치우친 편향 트리일 때 속도가 저하됨",상,"BST, 이진탐색트리, 편향트리",트리,Characteristics of BST and why its worst-case time complexity is O(n),"Smaller values left, larger right; slows down if it becomes a skewed tree","BST, Binary Search Tree, Skewed Tree",Trees,"BST(이진탐색트리)는 왼쪽은 작은 값, 오른쪽은 큰 값을 저장하여 빠르게 탐색합니다. 하지만 데이터가 한쪽으로만 계속 추가되어 편향트리가 될 경우, 트리의 높이가 노드 개수(n)와 같아지면서 탐색 시간 복잡도가 최악의 경우 O(n)으로 저하되는 문제가 발생합니다.","A BST is designed for efficient searching by ordering nodes, but it can degrade into a Skewed Tree if the input data is already sorted. In this worst-case scenario, the BST loses its logarithmic advantage and becomes as slow as a linear search, with a complexity of O(n)."
자료구조,자가균형 이진탐색트리란 무엇이며 대표적인 트리의 종류를 말씀해주세요,삽입과 삭제 시 자동으로 높이를 낮게 유지하는 트리로 레드-블랙 트리와 AVL 트리가 있음,상,"자가균형트리, AVL, 레드블랙트리",트리,What is a Self-Balancing BST and its representative types?,Maintains low height automatically; examples include Red-Black and AVL trees,"Self-Balancing Tree, AVL, Red-Black Tree",Trees,"자가균형트리는 노드 삽입이나 삭제 후에도 트리의 높이를 낮게 유지하여 탐색 속도를 보장하는 자료구조입니다. 대표적으로 높이 차이를 엄격히 제한하는 AVL 트리와, 조건에 따른 색상 변경으로 균형을 유지하는 레드블랙트리가 있으며, 데이터베이스 엔진 등에서 널리 활용됩니다.","A Self-Balancing Tree automatically adjusts its structure during modifications to maintain a logarithmic height. Notable examples include the AVL tree, which focuses on strict height balance, and the Red-Black Tree, which uses coloring rules to ensure efficient search times in real-world systems."
자료구조,AVL 트리가 필요한 이유와 불균형 발생 시 수행하는 회전(Rotation) 작업은 무엇인가요,높이 차를 1 이하로 유지하여 탐색 속도를 보장하며 네 가지 회전 방식으로 균형을 잡음,상,"AVL트리, 높이균형, 회전",트리,Why AVL trees are needed and the rotation operations performed during imbalance,Guarantees search speed by keeping height difference ≤ 1 via 4 rotation types,"AVL Tree, Height Balance, Rotation",Trees,"AVL트리는 왼쪽과 오른쪽 서브트리의 높이 차이를 1 이하로 관리하여 높이균형을 철저히 유지합니다. 만약 이 균형이 깨지면 LL, RR, LR, RL이라는 네 가지 방식의 회전 연산을 수행하여, 어떤 상황에서도 탐색 성능이 O(log n)을 유지하도록 보장하는 장점이 있습니다.","The AVL Tree maintains a strict Height Balance by ensuring the difference between subtrees is minimal. When an insertion or deletion disrupts this balance, the tree performs a specific Rotation to re-stabilize itself, guaranteeing optimal O(log n) performance for all operations."
자료구조,"이진 트리 순회 방식인 전위, 중위, 후위 순회의 차이점은 무엇인가요",현재 노드를 방문하는 시점에 따라 구분하며 재귀 구조로 간결하게 구현 가능함,중,"트리순회, 전위순회, 중위순회, 후위순회",트리,"Differences between Pre-order, In-order, and Post-order binary tree traversals",Differentiated by when the current node is visited; implemented via recursion,"Tree Traversal, Pre-order, In-order, Post-order",Trees,"트리순회는 노드를 방문하는 시점에 따라 구분됩니다. 루트를 먼저 방문하는 전위순회, 왼쪽 자식-루트-오른쪽 순인 중위순회, 그리고 자식들을 모두 본 뒤 루트를 방문하는 후위순회가 있습니다. 중위순회는 이진 탐색 트리에서 데이터를 오름차순으로 정렬할 때 유용하게 쓰입니다.","Tree Traversal methods are classified by the order in which nodes are visited. Pre-order, In-order, and Post-order traversals provide different ways to process hierarchical data, with In-order being particularly useful for retrieving sorted data from a binary search tree."
자료구조,트라이(Trie) 자료구조의 특징과 주로 어떤 상황에서 효율적으로 사용되나요,문자열의 접두사를 공유하는 트리 구조로 자동완성이나 문자열 검색 시스템에 적합함,상,"트라이, Trie, 문자열검색",트리,Characteristics of the Trie data structure and its efficient use cases,Tree structure sharing string prefixes; ideal for autocomplete and search,"Trie, Trie, String Search",Trees,"트라이(Trie)는 문자열의 각 문자를 노드로 표현하여 공통 접두사를 공유하는 트리 형태의 자료구조입니다. 일반적인 트리보다 문자열검색 속도가 압도적으로 빨라, 검색 포털의 실시간 자동완성 기능이나 사전 탐색 시스템을 구현할 때 매우 효율적인 성능을 발휘합니다.","A Trie is a specialized tree structure optimized for String Search operations. By sharing common prefixes among multiple words, the Trie allows for incredibly fast retrieval, making it the superior choice for implementing autocomplete and dictionary-based search features."
자료구조,우선순위 큐는 무엇이며 이를 구현할 때 힙(Heap)을 사용하는 이유는 무엇인가요,우선순위가 높은 데이터부터 제거하는 자료구조로 힙을 쓰면 삽입·삭제가 효율적임,중,"우선순위큐, 힙, Heap",힙,What is a Priority Queue and why is a Heap used to implement it?,Removes high-priority data first; Heaps make insertion/deletion efficient,"Priority Queue, Heap, Heap",Heaps,우선순위큐는 들어온 순서와 관계없이 데이터의 우선순위에 따라 먼저 나가는 자료구조입니다. 이를 구현할 때 힙(Heap) 자료구조를 사용하면 완전 이진 트리의 특성을 활용하여 최댓값이나 최솟값을 O(log n)의 속도로 빠르게 찾아내고 관리할 수 있어 매우 효율적입니다.,"A Priority Queue ensures that the element with the highest priority is served before others. To implement this efficiently, a Heap is used because its structure allows for fast O(log n) insertions and removals, keeping the highest priority item easily accessible at the root."
자료구조,힙(Heap) 자료구조의 정의와 최대 힙 및 최소 힙의 동작 원리를 설명해주세요,완전 이진 트리 기반으로 부모 노드가 항상 자식보다 크거나 작은 특성을 가짐,중,"힙, 최대힙, 최소힙, 완전이진트리",힙,Definition of a Heap and the operating principles of Max Heaps and Min Heaps,Based on complete binary trees; parents are always larger/smaller than children,"Heap, Max Heap, Min Heap, Complete Binary Tree",Heaps,"힙은 완전이진트리를 기초로 하는 자료구조로, 부모 노드와 자식 노드 간의 크기 관계를 일정하게 유지합니다. 부모가 자식보다 크거나 같은 최대힙과, 부모가 자식보다 작거나 같은 최소힙으로 나뉩니다. 주로 우선순위 큐를 구현하거나 최댓값, 최솟값을 빠르게 찾아야 할 때 사용됩니다.","A Heap is a data structure based on a Complete Binary Tree, maintaining a specific hierarchical order between nodes. It is categorized into a Max Heap, where parents are larger than children, and a Min Heap, where parents are smaller. These structures are essential for implementing priority queues to quickly access extreme values."
자바,객체지향 프로그래밍의 주요 특징과 이를 통해 얻을 수 있는 장점은 무엇인가요,코드 재사용성과 유지보수성이 높고 모듈화를 통해 대규모 개발에 유리함,하,"객체지향, 재사용성, 유지보수성",객체지향,Key features of OOP and the advantages of using it,High reusability and maintainability; modularity benefits large-scale development,"OOP, Reusability, Maintainability",Object-Oriented Programming (OOP),객체지향 프로그래밍은 프로그램을 객체라는 독립적인 단위로 나누어 설계하는 방식입니다. 객체 간의 협력을 통해 시스템을 구축함으로써 코드의 재사용성을 높이고 유지보수성을 극대적화할 수 있습니다. 이는 복잡한 대규모 소프트웨어를 체계적으로 개발하고 관리하는 데 매우 유리합니다.,"OOP is a programming paradigm that organizes software design around data, or objects, rather than functions and logic. By emphasizing encapsulation and abstraction, OOP enhances code Reusability and Maintainability. This modular approach is particularly beneficial for managing complex logic in large-scale software development."
자바,객체지향 설계의 5대 원칙인 SOLID에 대해 각각 설명해주시겠어요,"SRP, OCP, LSP, ISP, DIP로 구성되며 변경에 유연한 구조를 만드는 설계 원칙임",상,"SOLID, 설계원칙, 소프트웨어설계",객체지향,Explain the SOLID principles of object-oriented design,"Design principles (SRP, OCP, LSP, ISP, DIP) for flexible structures","SOLID, Design Principles, Software Design",Object-Oriented Programming (OOP),"SOLID는 객체지향 설계의 품질을 높이기 위한 5대 설계원칙을 의미합니다. 각각 단일 책임(SRP), 개방-폐쇄(OCP), 리스코프 치환(LSP), 인터페이스 분리(ISP), 의존관계 역전(DIP) 원칙으로 구성됩니다. 이 원칙들을 준수하면 변화에 유연하게 대응할 수 있는 견고한 소프트웨어설계가 가능해집니다.","SOLID represents five fundamental Design Principles intended to make software designs more understandable and flexible. These include SRP, OCP, LSP, ISP, and DIP. Adhering to these SOLID principles ensures high-quality Software Design, making the system easier to maintain and extend over time without introducing bugs."
자바,자바 언어의 주요 특징과 플랫폼 독립성이 유지되는 원리는 무엇인가요,JVM을 통해 운영체제에 종속되지 않고 실행되며 자동 메모리 관리 기능을 제공함,하,"자바특징, 플랫폼독립성, JVM",자바개요,Key features of Java and the principle of platform independence,Runs OS-independently via JVM; provides automatic memory management,"Java Features, Platform Independence, JVM",Java Overview,"자바의 가장 큰 자바특징은 플랫폼독립성입니다. 자바 소스 코드는 컴파일 시 바이트코드로 변환되며, 각 운영체제에 설치된 JVM이 이를 해석하여 실행합니다. 덕분에 개발자는 운영체제에 상관없이 한 번 작성한 코드를 어디서나 실행할 수 있는 가치를 누릴 수 있습니다.","One of the core Java Features is its Platform Independence. Instead of compiling into machine-specific code, Java compiles into bytecode, which is then executed by the JVM on any operating system. This architecture ensures that Java applications can run seamlessly across different environments without requiring recompilation."
자바,JVM의 내부 구조와 자바 프로그램이 실행되는 과정을 상세히 설명해주세요,클래스로더가 바이트코드를 로드하고 실행 엔진이 이를 해석하여 메모리 영역에서 실행함,상,"JVM구조, 클래스로더, 실행엔진",JVM,Internal structure of the JVM and the execution process of Java programs,Class Loader loads bytecode; Execution Engine interprets and runs it in memory,"JVM Structure, Class Loader, Execution Engine",Java Virtual Machine (JVM),"JVM구조는 크게 클래스로더, 실행엔진, 데이터 영역(Runtime Data Area)으로 나뉩니다. 클래스로더가 자바 클래스 파일을 메모리에 로드하면, 실행엔진이 인터프리터나 JIT 컴파일러를 통해 코드를 해석하고 연산을 수행합니다. 이 과정을 통해 자바 프로그램이 시스템 자원을 효율적으로 사용하며 실행됩니다.","The JVM Structure consists of the Class Loader, Runtime Data Areas, and the Execution Engine. The Class Loader brings the bytecode into memory, while the Execution Engine interprets or compiles it for the processor. This internal mechanism allows Java to manage program execution and memory safety efficiently within its virtualized environment."
자바,"가비지 컬렉션의 동작 방식과 Minor GC, Major GC의 차이점은 무엇인가요",사용하지 않는 객체를 자동으로 해제하며 Young 영역과 Old 영역의 발생 시점이 다름,상,"가비지컬렉션, GC, MinorGC, MajorGC",메모리관리,How Garbage Collection works and the difference between Minor and Major GC,Frees unused objects; occurs at different times in Young and Old generations,"Garbage Collection, GC, Minor GC, Major GC",Memory Management,"가비지컬렉션은 GC가 더 이상 참조되지 않는 객체를 자동으로 찾아 메모리를 해제하는 기능입니다. GC는 발생 시점과 영역에 따라 구분되는데, 새로 생성된 객체가 있는 Young 영역에서 발생하는 MinorGC와, 오래 살아남은 객체가 있는 Old 영역에서 발생하는 MajorGC로 나뉩니다.","Garbage Collection is an automatic memory management process in Java where the GC reclaims heap space by removing unreferenced objects. The GC process is divided into Minor GC, which targets short-lived objects in the Young generation, and Major GC, which clears out older objects in the Old generation to prevent memory leaks."
자바,G1 GC 알고리즘의 특징과 현재 자바의 기본 GC로 채택된 이유는 무엇인가요,힙을 지역 단위로 나누어 가비지가 많은 곳을 우선 정리하여 지연 시간을 최소화함,상,"G1GC, Region, 가비지 우선",메모리관리,Characteristics of the G1 GC algorithm and why it is the default Java GC,Splits heap into regions and cleans garbage-heavy areas to minimize latency,"G1GC, Region, Garbage First",Memory Management,"G1GC는 대용량 메모리를 가진 최신 시스템을 위해 설계된 알고리즘입니다. 전체 힙을 고정된 크기의 Region들로 나누고, 가비지가 가장 많이 쌓인 영역을 우선적으로 정리하는 가비지 우선 방식을 사용하여 중단 시간(Stop-the-world)을 예측 가능하게 줄여주는 것이 특징입니다.","G1GC is a server-style garbage collector designed for multi-processor machines with large memories. It partitions the heap into equal-sized Regions and focuses on reclaiming memory from the ""Garbage First"" areas. This approach helps G1GC minimize pause times and improve overall application throughput."
자바,자바의 기본형 타입과 Wrapper 클래스의 차이 및 오토박싱 개념을 설명해주세요,기본형은 값 자체를 저장하고 Wrapper 클래스는 이를 객체화하여 컬렉션 등에서 활용함,하,"기본형타입, Wrapper클래스, 오토박싱",자바개요,"Differences between primitive types and wrapper classes, and autoboxing",Primitives store values; Wrapper classes objectify them for collections,"Primitive Type, Wrapper Class, Autoboxing",Java Overview,"자바에서 기본형타입은 실제 값을 스택에 저장하여 속도가 빠르지만, Wrapper클래스는 기본형을 객체로 감싸 힙에 저장하고 다양한 메서드를 제공합니다. 자바는 이 둘 사이를 자동으로 변환해주는 오토박싱 기능을 지원하여, 컬렉션 프레임워크처럼 객체만 다루는 구조에서도 기본형을 편리하게 쓸 수 있게 합니다.","A Primitive Type stores raw data directly in memory for high performance, whereas a Wrapper Class objectifies these values to provide utility methods and support for generic collections. Java simplifies this interaction through Autoboxing, which automatically converts between primitives and their corresponding wrapper objects."
자바,"public, private, protected 등 접근 제어자의 차이와 사용 목적은 무엇인가요",클래스 내부나 패키지 및 상속 관계에 따른 접근 범위를 제한하여 정보를 보호함,하,"접근제어자, 정보은닉, 캡슐화",자바개요,"Differences and purposes of access modifiers: public, private, and protected",Protects info by limiting access based on internal/package/inheritance logic,"Access Modifier, Information Hiding, Encapsulation",Java Overview,"접근제어자는 클래스나 멤버의 노출 범위를 제한하여 정보를 보호하는 역할을 합니다. 가장 제한적인 private부터 클래스 내부와 상속 관계 등을 고려한 protected, 그리고 모든 접근을 허용하는 public이 있습니다. 이를 통해 정보은닉을 실현하고 객체의 결합도를 낮추는 캡슐화를 완성할 수 있습니다.","An Access Modifier defines the visibility of classes and their members to maintain security and structure. By using modifiers like public, private, and protected, developers can implement Information Hiding and Encapsulation, ensuring that the internal state of an object is only accessible through well-defined interfaces."
자바,static 예약어가 붙은 변수나 메서드는 어떤 특징을 가지게 되나요,인스턴스 생성 없이 클래스 이름으로 접근 가능하며 프로그램 실행 시 메모리에 고정됨,중,"static, 정적변수, 메모리할당",자바개요,Characteristics of variables and methods with the 'static' keyword,Accessible via class name without instances; fixed in memory during execution,"static, Static Variable, Memory Allocation",Java Overview,static 키워드가 붙은 멤버는 인스턴스가 아닌 클래스 자체에 귀속되는 정적변수나 메서드가 됩니다. 프로그램이 시작될 때 메모리할당이 한 번만 이루어지며 모든 객체가 공유한다는 특징이 있습니다. 인스턴스 생성 없이도 호출이 가능하므로 유틸리티 함수나 공유 자원을 관리할 때 주로 사용합니다.,The static keyword indicates that a member belongs to the class itself rather than to individual instances. A Static Variable or method undergoes Memory Allocation once at class-load time and is shared across all objects. This allows for global access and persistence throughout the application's lifecycle.
자바,자바가 Call by Value 방식으로 동작한다는 것은 구체적으로 어떤 의미인가요,메서드 호출 시 값이 복사되어 전달되며 참조형의 경우 객체의 주소값이 복사됨,중,"CallByValue, 값전달, 참조복사",자바개요,What does it specifically mean that Java operates using 'Call by Value'?,Values are copied when calling methods; references copy the object address,"CallByValue, Pass by Value, Reference Copy",Java Overview,"자바는 항상 CallByValue 방식으로 동작하며, 메서드 호출 시 인자로 전달되는 값전달 과정을 거칩니다. 기본형은 실제 값이 복사되지만, 참조형은 객체 자체가 아닌 객체의 주소값이 복사되는 참조복사 형태로 전달됩니다. 따라서 메서드 내부에서 객체의 상태를 바꿀 수는 있어도 원본 변수 자체를 변경할 수는 없습니다.","Java strictly follows the CallByValue principle, where a copy of the argument's value is passed to a method. For objects, this means a Reference Copy is made; the address of the object is Pass by Value. While you can modify the object's contents, you cannot reassign the original variable to a new object from within the method."
자바,클래스와 생성자의 정의를 내리고 객체가 생성될 때의 과정을 설명해주세요,클래스는 객체의 설계도이며 생성자는 인스턴스 생성 시 초기화를 담당함,하,"클래스, 생성자, 객체생성",OOP핵심,"Definitions of classes and constructors, and the object creation process",Class is a blueprint; Constructor handles initialization during object creation,"Class, Constructor, Object Creation",OOP Core Concepts,"클래스는 객체를 만들기 위한 청사진이며, 생성자는 그 설계도를 바탕으로 인스턴스가 생성될 때 초기 상태를 설정하는 특수 메서드입니다. 사용자가 new 연산자를 통해 객체생성을 요청하면 생성자가 호출되어 메모리에 객체가 올라가고 필요한 필드 값들이 할당되어 사용할 준비를 마치게 됩니다.","A Class serves as a blueprint for objects, defining their properties and behaviors. A Constructor is a special method called during Object Creation to initialize the state of the new instance. When the 'new' keyword is used, the Constructor ensures that the object is properly allocated in memory and set up for use."
자바,클래스 상속의 개념과 super 예약어가 사용되는 상황은 언제인가요,상위 클래스의 기능을 물려받아 재사용하며 상위 클래스의 생성자나 메서드 호출 시 사용함,중,"상속, super, extends",OOP핵심,Concept of class inheritance and when the 'super' keyword is used,Reuses parent features; used when calling parent constructors or methods,"Inheritance, super, extends",OOP Core Concepts,"상속은 기존 클래스의 필드와 메서드를 자식 클래스가 물려받아 재사용하는 개념입니다. extends 키워드를 사용하여 부모의 기능을 확장하며, 자식 클래스에서 부모 클래스의 생성자나 멤버에 접근해야 할 때는 super 예약어를 사용합니다. 이를 통해 코드 중복을 줄이고 계층적인 관계를 형성할 수 있습니다.","Inheritance allows a child class to acquire the properties and methods of a parent class, promoted by the extends keyword. When a subclass needs to reference its immediate parent's members or invoke its constructor, it uses the super keyword. This mechanism facilitates code reuse and the creation of logical hierarchies in a system."
자바,메서드 오버라이딩과 오버로딩의 차이점을 정의와 조건 관점에서 비교해주세요,오버라이딩은 상속받은 메서드 재정의이며 오버로딩은 같은 이름의 메서드를 다중 정의함,중,"오버라이딩, 오버로딩, 다형성",OOP핵심,Compare method Overriding vs Overloading in terms of definition and conditions,Overriding redefines inherited methods; Overloading defines multiple same-named methods,"Overriding, Overloading, Polymorphism",OOP Core Concepts,"오버라이딩은 부모로부터 상속받은 메서드를 자식의 필요에 맞게 재정의하는 것이며, 오버로딩은 같은 이름의 메서드를 매개변수의 개수나 타입을 달리하여 여러 개 정의하는 것입니다. 두 기법 모두 객체지향의 다형성을 실현하는 수단이지만, 호출되는 시점과 조건에서 차이가 있습니다.","Overriding involves redefining an inherited method to provide specific implementation, whereas Overloading means defining multiple methods with the same name but different signatures. While Overriding supports dynamic Polymorphism, Overloading provides compile-time Polymorphism, both of which are vital components of a flexible system design."
자바,다형성의 개념과 자바에서 다형성을 구현하는 구체적인 방법은 무엇인가요,하나의 타입으로 여러 객체를 참조하며 메서드 오버라이딩을 통해 실행 시점에 동작이 결정됨,중,"다형성, 인터페이스, 오버라이딩",OOP핵심,Concept of Polymorphism and specific ways to implement it in Java,References multiple objects with one type; behavior decided at runtime via overriding,"Polymorphism, Interface, Overriding",OOP Core Concepts,"다형성은 하나의 객체가 여러 가지 타입을 가질 수 있는 능력을 의미합니다. 자바에서는 부모 클래스나 인터페이스 타입으로 자식 객체를 참조할 수 있으며, 오버라이딩된 메서드를 호출하면 실제 객체의 동작이 실행됩니다. 이를 통해 상위 타입을 기반으로 코드를 작성하여 유연하고 확장성 있는 프로그램을 만들 수 있습니다.","Polymorphism allows objects to be treated as instances of their parent class or an Interface. This is primarily achieved through Overriding, where the specific behavior is determined at runtime based on the actual object type. Polymorphism enables developers to write generic code that can handle various subtypes interchangeably."
자바,추상 클래스와 인터페이스의 차이점과 각각 어떤 상황에서 사용해야 하나요,추상 클래스는 상속을 통한 확장을 목적으로 하고 인터페이스는 구현 명세를 정의함,상,"추상클래스, 인터페이스, 다중구현",OOP핵심,Differences between Abstract Classes and Interfaces and their use cases,Abstract classes aim for extension; Interfaces define implementation specs,"Abstract Class, Interface, Multiple Implementation",OOP Core Concepts,"추상클래스는 상속을 통한 기능 확장을 목적으로 하며, 멤버 변수와 구현된 메서드를 가질 수 있습니다. 반면 인터페이스는 클래스가 수행해야 할 동작의 규격(명세)을 정의하며, 다중구현이 가능하다는 장점이 있습니다. '설계의 틀'이 필요할 때는 추상 클래스를, '기능의 계약'이 필요할 때는 인터페이스를 선택합니다.","An Abstract Class is used to provide a base for subclasses to inherit and extend, allowing for shared state and methods. An Interface, however, defines a contract of behaviors that a class must satisfy, supporting Multiple Implementation for greater architectural flexibility. Use an Abstract Class for ""is-a"" relationships and an Interface for ""can-do"" capabilities."
자바,"final 예약어가 변수, 메서드, 클래스에 붙었을 때 각각 어떤 효과가 발생하나요",상수가 되거나 메서드 재정의가 금지되고 클래스 상속이 불가능해짐,중,"final, 상수, 재정의불가",OOP핵심,"Effects of the 'final' keyword on variables, methods, and classes",Becomes a constant; method overriding or class inheritance is prohibited,"final, Constant, Non-overridable",OOP Core Concepts,"final 예약어는 수정할 수 없는 최종 상태를 의미합니다. 변수에 붙으면 값이 변하지 않는 상수가 되고, 메서드에 붙으면 자식 클래스에서 재정의불가가 됩니다. 또한 클래스에 final이 붙으면 더 이상 상속이 불가능한 클래스가 되어, 시스템의 핵심 로직이나 보안이 중요한 부분을 보호하는 용도로 사용됩니다.","The final keyword signifies immutability or a terminal state. When applied to a variable, it creates a Constant; on a method, it makes the function Non-overridable; and on a class, it prevents inheritance altogether. This is crucial for ensuring that sensitive logic remains unchanged and for optimizing performance in some scenarios."
자바,"List, Set, Map 컬렉션의 구조적 차이와 특징을 설명해주시겠어요","순서가 있는 리스트, 중복이 없는 셋, 키와 값 쌍으로 이루어진 맵으로 구분됨",하,"List, Set, Map, 컬렉션",컬렉션,"Structural differences and characteristics of List, Set, and Map collections","Divided into ordered Lists, unique Sets, and Key-Value paired Maps","List, Set, Map, Collection",Java Collections Framework,"자바의 컬렉션 프레임워크는 데이터를 효율적으로 관리하는 도구입니다. 데이터의 순서를 유지하고 중복을 허용하는 List, 중복을 허용하지 않는 Set, 그리고 키와 값의 쌍으로 데이터를 관리하는 Map으로 나뉩니다. 각 자료구조의 특성에 맞춰 데이터를 저장하고 검색하는 최적의 방식을 선택할 수 있습니다.","The Java Collection framework provides structured ways to store data. It includes the List, which maintains order and allows duplicates; the Set, which ensures unique elements; and the Map, which stores data in key-value pairs. Choosing the right Collection type depends on the specific requirements for data uniqueness and retrieval speed."
자바,HashMap과 ConcurrentHashMap의 차이와 멀티 스레드 환경에서의 권장 방식은 무엇인가요,ConcurrentHashMap은 버킷 단위 잠금을 사용하여 멀티 스레드 환경에서 안전하고 빠름,상,"HashMap, ConcurrentHashMap, 동기화",컬렉션,Difference between HashMap and ConcurrentHashMap for multi-threaded environments,ConcurrentHashMap is safe and fast in multi-threading via bucket-level locking,"HashMap, ConcurrentHashMap, Synchronization",Java Collections Framework,HashMap은 동기화를 지원하지 않아 싱글 스레드 환경에서 빠르지만 멀티 스레드에서는 안전하지 않습니다. 반면 ConcurrentHashMap은 내부적으로 분할 잠금 방식을 사용하여 여러 스레드가 동시에 접근해도 안전하고 성능이 뛰어납니다. 따라서 스레드 간의 공유가 빈번한 환경에서는 ConcurrentHashMap 사용이 강력히 권장됩니다.,"While HashMap is efficient for single-threaded tasks, it lacks Synchronization, making it unsafe for concurrent access. ConcurrentHashMap resolves this by using fine-grained locking mechanisms, ensuring thread safety without significantly sacrificing performance. It is the preferred choice for high-concurrency environments where multiple threads modify the same map."
자바,자바에서 멀티 스레드를 구현하는 세 가지 방법과 각각의 장단점은 무엇인가요,"Thread 상속, Runnable 구현, ExecutorService 활용 방식이 있으며 유연성 차이가 있음",상,"멀티스레드, Thread, Runnable",멀티스레딩,Three ways to implement multi-threading in Java and their pros/cons,"Methods: Thread inheritance, Runnable implementation, or ExecutorService use","Multi-thread, Thread, Runnable",Multi-threading,자바에서 멀티스레드를 구현하려면 Thread 클래스를 상속받거나 Runnable 인터페이스를 구현하는 방법이 있습니다. 최근에는 작업의 생성과 관리를 분리하기 위해 ExecutorService와 같은 스레드 풀 프레임워크를 활용하는 방식이 권장됩니다. 각 방식은 구현의 단순함이나 클래스 확장의 유연성 면에서 장단점이 뚜렷합니다.,"Implementing Multi-thread behavior in Java can be done by extending the Thread class or implementing the Runnable interface. For more robust management, using the ExecutorService to handle task execution within a pool is common. These methods offer different trade-offs between simplicity and architectural flexibility in concurrent programming."
자바,synchronized 키워드와 volatile 키워드가 동시성 제어에서 수행하는 역할은 무엇인가요,synchronized는 메서드 잠금을 보장하고 volatile은 메인 메모리의 최신 값 참조를 보장함,상,"동기화, volatile, 동시성제어",멀티스레딩,Roles of 'synchronized' and 'volatile' keywords in concurrency control,Synchronized ensures locking; Volatile ensures main memory visibility,"Synchronization, volatile, Concurrency Control",Multi-threading,"동시성제어를 위해 자바는 두 가지 키워드를 제공합니다. synchronized는 특정 메서드나 블록에 락을 걸어 한 번에 하나의 스레드만 접근할 수 있도록 보장하는 동기화 장치입니다. 반면 volatile은 변수의 값을 CPU 캐시가 아닌 메인 메모리에서 직접 읽고 쓰게 함으로써, 여러 스레드 사이에서 값의 가시성을 확보하는 역할을 합니다.","To achieve effective Concurrency Control, Java provides two distinct keywords. Synchronized acts as a Synchronization mechanism that locks a method or block to ensure mutually exclusive access. On the other hand, Volatile ensures that a variable is always read from and written to the main memory, guaranteeing visibility of the most recent value across different threads."
자바,자바의 예외 처리 방식인 Checked Exception과 Unchecked Exception의 차이는 무엇인가요,컴파일 시 체크 여부에 따라 나뉘며 비즈니스 예외와 시스템 오류를 구분하여 처리함,중,"CheckedException, 런타임예외",예외처리,Differences between Checked and Unchecked Exceptions in Java,Divided by compile-time check; separates business exceptions from system errors,"Checked Exception, Runtime Exception",Exception Handling,"자바의 예외는 컴파일 단계에서 확인하는 CheckedException과 실행 시점에 발생하는 런타임예외로 나뉩니다. CheckedException은 반드시 예외 처리를 강제하여 프로그램의 안정성을 높이는 반면, Unchecked Exception에 속하는 런타임예외는 주로 프로그래머의 실수로 발생하며 명시적인 예외 처리를 강제하지 않는다는 차이가 있습니다.","Java exceptions are categorized into Checked Exceptions, which are verified at compile-time, and Runtime Exceptions, which occur during program execution. A Checked Exception requires mandatory handling to enhance robustness, whereas a Runtime Exception typically represents programming errors and does not require explicit catch or throw declarations."
자바,객체 직렬화와 역직렬화의 개념 및 자바에서 이를 구현하는 방법은 무엇인가요,객체를 바이트 스트림으로 변환하여 전송하거나 다시 객체로 복원하는 과정임,중,"직렬화, 역직렬화, Serializable",기타개념,Concepts of Serialization/Deserialization and how to implement them in Java,Process of converting objects to byte streams or restoring them,"Serialization, Deserialization, Serializable",Miscellaneous Concepts,직렬화는 메모리에 있는 객체 인스턴스를 바이트 스트림으로 변환하여 파일로 저장하거나 네트워크로 전송할 수 있게 만드는 과정입니다. 반대로 이를 다시 객체로 복구하는 것을 역직렬화라고 합니다. 자바에서는 이를 구현하기 위해 해당 클래스가 Serializable 인터페이스를 구현하도록 정의해야 합니다.,"Serialization is the process of converting an object’s state into a byte stream for storage or transmission, while Deserialization involves reconstructing the object from that stream. In Java, a class must implement the Serializable interface to grant its instances the ability to undergo this conversion process safely."
자바,"String, StringBuffer, StringBuilder의 메모리 관리 방식과 성능 차이를 설명해주세요",String은 불변 객체이며 자주 변경되는 문자열은 가변 객체인 Builder나 Buffer가 유리함,중,"String, StringBuilder, 가변성",기타개념,"Memory management and performance differences: String, StringBuffer, StringBuilder",String is immutable; Builder/Buffer are mutable and better for frequent changes,"String, StringBuilder, Mutability",Miscellaneous Concepts,String은 불변성을 가져 문자열을 수정할 때마다 새로운 객체를 생성하므로 메모리 효율이 낮을 수 있습니다. 이를 보완하기 위해 가변적인 성격의 가변성을 가진 StringBuilder나 StringBuffer를 사용합니다. StringBuilder는 동기화를 지원하지 않아 싱글 스레드 환경에서 더 빠른 성능을 발휘하며 문자열을 효율적으로 조작할 수 있게 돕습니다.,"String objects are immutable, meaning they cannot be changed after creation, which often leads to overhead during frequent modifications. To address this, StringBuilder offers Mutability, allowing for efficient in-place string manipulation. Because StringBuilder lacks synchronization, it provides superior performance in single-threaded scenarios compared to other options."
자바,자바 8 이후 도입된 스트림(Stream)과 기존 컬렉션의 처리 방식 차이는 무엇인가요,스트림은 내부 반복을 통해 데이터를 필터링하고 변환하며 지연 연산을 지원함,중,"스트림, Stream, 내부반복",모던자바,Differences between Java 8 Streams and traditional collection processing,Streams filter/transform data via internal iteration and support lazy evaluation,"Stream, Stream, Internal Iteration",Modern Java (Java 8+),"스트림은 자바 8에서 도입된 기능으로, 컬렉션의 데이터를 선언적으로 처리할 수 있게 합니다. 기존 방식과 달리 Stream은 데이터를 직접 소유하지 않고 내부반복을 통해 연산을 수행하며, 필요한 시점에만 계산을 진행하는 지연 연산을 지원하여 대량의 데이터를 매우 효율적으로 가공하고 필터링할 수 있도록 돕습니다.","A Stream in Java 8 allows for functional-style operations on sequences of elements. Unlike traditional collections, a Stream utilizes Internal Iteration to process data, which allows the framework to optimize execution. This approach simplifies data transformation and filtering by abstracting the iteration logic away from the developer."
자바,함수형 인터페이스의 정의와 람다식을 사용했을 때 얻을 수 있는 이점은 무엇인가요,단일 추상 메서드를 가진 인터페이스로 람다식을 통해 코드를 간결하고 직관적으로 만듦,중,"함수형인터페이스, 람다식, 가독성",모던자바,Definition of Functional Interfaces and benefits of using Lambda expressions,Interface with one abstract method; Lambda expressions make code concise,"Functional Interface, Lambda, Readability",Modern Java (Java 8+),"함수형인터페이스는 단 하나의 추상 메서드만을 가진 인터페이스로, 자바에서 함수를 일급 객체처럼 다룰 수 있게 합니다. 이를 기반으로 람다식을 사용하면 익명 구현 객체를 생성할 필요 없이 코드를 매우 간결하게 작성할 수 있으며, 전체적인 코드의 가독성을 획기적으로 향상시키는 이점을 얻을 수 있습니다.","A Functional Interface is an interface with exactly one abstract method, serving as the basis for Lambda expressions. By utilizing a Lambda, developers can write more concise and expressive code, significantly improving Readability by removing the boilerplate associated with anonymous inner classes."
자바스크립트,"스코프의 개념과 전역, 함수, 블록 레벨 스코프의 구체적인 차이점을 설명해주시겠어요?","식별자의 유효 범위를 뜻하며 var는 함수 레벨을, let과 const는 블록 레벨 스코프를 지원함",중,"스코프, 전역, 함수레벨, 블록레벨",스코프와실행컨텍스트,"Concept of scope and differences between global, function, and block-level scopes","Range of identifier validity; var is function-level, let/const are block-level","Scope, Global, Function-level, Block-level",Scope & Execution Context,"스코프는 변수나 함수와 같은 식별자가 유효한 범위를 결정합니다. 자바스크립트에서 전역 스코프는 어디서든 접근 가능하며, var로 선언된 변수는 함수레벨 스코프를 따릅니다. 반면 let과 const는 중괄호로 제한되는 블록레벨 스코프를 지원하여 의도치 않은 변수 오염을 방지하고 더 안전한 코딩을 가능하게 합니다.","Scope defines the accessibility of variables within different parts of a program. A Global scope is accessible everywhere, while Function-level scope applies to variables declared with var. Modern JavaScript uses Block-level scope for let and const, ensuring that variables are only available within the specific code block where they are defined."
자바스크립트,스코프 체인이 무엇이며 자바스크립트 엔진이 변수를 검색하는 과정을 말씀해주세요,식별자를 찾기 위해 현재 스코프에서 상위 스코프로 이동하며 검색하는 계층적 구조임,중,"스코프체인, 식별자검색, 상위스코프",스코프와실행컨텍스트,What is the Scope Chain and how does the JS engine search for variables?,Hierarchical search moving from current to parent scope to find identifiers,"Scope Chain, Identifier Search, Parent Scope",Scope & Execution Context,"스코프체인은 식별자를 찾기 위해 현재 스코프에서 시작하여 상위 스코프로 단계별로 거슬러 올라가는 계층적 구조를 말합니다. 자바스크립트 엔진은 식별자검색 시 현재 위치에 변수가 없다면 상위스코프를 차례로 참조하며, 최종적으로 전역 스코프까지 탐색하여 변수의 값을 찾아내는 메커니즘을 가집니다.","The Scope Chain is a hierarchical structure used by the JavaScript engine for Identifier Search. If a variable is not found in the current environment, the engine looks into the Parent Scope, continuing this process up the chain until it reaches the global object, ensuring that nested functions can access variables from their outer contexts."
자바스크립트,렉시컬 스코프의 정의와 함수 호출 위치가 아닌 선언 위치가 중요한 이유는 무엇인가요?,함수가 어디서 호출되었는지가 아니라 어디서 선언되었는지에 따라 상위 스코프를 결정함,상,"렉시컬스코프, 정적스코프, 선언위치",스코프와실행컨텍스트,Definition of Lexical Scope and why the declaration position matters,"Parent scope decided by where the function was declared, not where it was called","Lexical Scope, Static Scope, Declaration Position",Scope & Execution Context,"렉시컬스코프란 함수를 어디서 호출했는지가 아니라, 어디서 선언했는지에 따라 상위 스코프가 결정되는 방식을 의미합니다. 이를 정적스코프라고도 부르며, 함수의 선언위치에 따라 유효 범위가 고정되므로 소스코드를 평가하는 시점에 이미 상위 스코프에 대한 참조가 확정된다는 특징이 있습니다.","Lexical Scope means that the scope of a variable is determined by its Declaration Position in the source code. Also known as Static Scope, this mechanism ensures that a function's parent environment is fixed at the time it is defined, allowing developers to predict variable access regardless of where the function is eventually executed."
자바스크립트,실행 컨텍스트가 생성되는 과정과 소스코드의 평가 및 실행 단계에 대해 설명해주세요,평가 단계에서 실행 컨텍스트를 생성하고 선언문을 먼저 등록한 뒤 실행 단계에서 값을 할당함,상,"실행컨텍스트, 평가단계, 실행단계",스코프와실행컨텍스트,Execution Context creation process: Evaluation vs. Execution stages,Creates context during evaluation (registers declarations) and assigns during execution,"Execution Context, Evaluation Stage, Execution Stage",Scope & Execution Context,"실행컨텍스트는 자바스크립트 코드가 실행되기 위해 필요한 환경 정보를 담은 객체입니다. 코드가 시작되면 평가단계에서 변수와 함수 선언을 먼저 등록하여 컨텍스트를 생성하고, 이후 실행단계에서 코드를 한 줄씩 읽으며 변수에 값을 할당하고 실제 연산을 수행하는 과정을 거치게 됩니다.","An Execution Context is an environment created by the JS engine to manage the execution of code. During the Evaluation Stage, the engine parses the code and sets up the environment records, followed by the Execution Stage where the code is run line-by-line and values are assigned to the previously registered identifiers."
자바스크립트,렉시컬 환경의 역할과 식별자가 값에 바인딩되는 메커니즘은 무엇인가요?,식별자와 그에 바인딩된 값 및 상위 참조를 관리하는 실행 컨텍스트의 핵심 자료구조임,상,"렉시컬환경, 환경레코드, 외부참조",스코프와실행컨텍스트,Role of the Lexical Environment and the mechanism of identifier binding,"Key context structure managing identifiers, bound values, and parent references","Lexical Environment, Environment Record, Outer Reference",Scope & Execution Context,렉시컬환경은 실행 컨텍스트 내에서 실제 식별자와 값을 관리하는 자료구조입니다. 구체적으로 식별자가 저장되는 환경레코드와 상위 스코프를 가리키는 외부참조로 구성됩니다. 이를 통해 자바스크립트는 현재 환경의 변수뿐만 아니라 상위 환경의 자원까지 안전하게 관리하고 바인딩할 수 있습니다.,"The Lexical Environment is the internal structure that maps identifiers to specific variables and functions. It consists of an Environment Record for local storage and an Outer Reference that links to the parent environment, providing the necessary foundation for scope management and variable resolution within an execution context."
자바스크립트,"bind, call, apply를 이용한 명시적 this 바인딩 방식과 암묵적 바인딩의 차이는 무엇인가요?",암묵적 바인딩은 호출 방식에 따라 결정되나 명시적 메서드를 쓰면 특정 객체를 직접 지정함,상,"this바인딩, call, apply, bind",스코프와실행컨텍스트,Differences between explicit 'this' binding (bind/call/apply) and implicit binding,Implicit binding depends on call style; explicit methods target specific objects,"this Binding, call, apply, bind",Scope & Execution Context,"자바스크립트에서 this는 호출 방식에 따라 동적으로 결정되지만, 명시적으로 this바인딩을 할 수도 있습니다. call과 apply는 함수를 즉시 호출하면서 특정 객체를 this로 지정하고, bind는 해당 객체가 바인딩된 새로운 함수를 반환합니다. 이를 통해 개발자는 문맥에 상관없이 원하는 객체를 직접 주입하여 함수를 실행할 수 있습니다.","While this Binding is usually implicit, developers can use call, apply, or bind to set it explicitly. Call and apply execute a function immediately with a specified object, whereas bind returns a new function with the this Binding permanently fixed, providing precise control over the execution context."
자바스크립트,클로저의 정의와 외부 함수가 종료된 후에도 지역 변수를 참조할 수 있는 원리는 무엇인가요?,함수와 그 함수가 선언된 환경의 조합으로 외부 함수가 소멸해도 상위 렉시컬 환경을 참조함,상,"클로저, 렉시컬환경참조, 메모리유지",클로저,Definition of Closures and how they reference variables after a function ends,Combination of function and its environment; references parent environment after end,"Closure, Lexical Environment Reference, Memory Maintenance",Closures,"클로저는 함수와 그 함수가 선언된 렉시컬 환경의 조합입니다. 이 특징 덕분에 외부 함수가 실행을 마치고 소멸한 후에도, 내부 함수는 렉시컬환경참조를 통해 상위 스코프의 변수에 접근할 수 있습니다. 이러한 메모리유지 원리를 활용하면 프라이빗 변수를 구현하거나 상태를 안전하게 은닉할 수 있습니다.","A Closure is formed when a function retains a Lexical Environment Reference to its parent scope even after the parent function has finished executing. This allows for persistent Memory Maintenance of local variables, enabling powerful patterns like data encapsulation and functional factories where state must be preserved across multiple calls."
자바스크립트,자바스크립트가 싱글 스레드임에도 불구하고 비동기 처리가 가능한 이유는 무엇인가요?,이벤트 루프가 콜 스택과 태스크 큐를 모니터링하며 비동기 콜백을 순차적으로 실행하기 때문임,상,"이벤트루프, 싱글스레드, 태스크큐",자바스크립트동작원리,Why is asynchronous processing possible despite JS being single-threaded?,Event loop monitors stacks/queues and executes asynchronous callbacks sequentially,"Event Loop, Single-thread, Task Queue",JS Principles & Mechanics,자바스크립트는 싱글스레드 언어이지만 이벤트루프를 통해 비동기 작업을 처리합니다. 비동기 함수가 호출되면 브라우저나 Node.js의 Web API가 작업을 처리한 뒤 콜백을 태스크큐에 넣습니다. 이벤트루프는 콜 스택이 비어있는지 확인하여 큐에 대기 중인 작업을 순차적으로 실행함으로써 논블로킹 통신을 구현합니다.,"Despite being Single-threaded, JavaScript handles concurrency via the Event Loop. When an asynchronous task completes, its callback is placed in the Task Queue. The Event Loop continuously monitors the call stack and pushes pending tasks from the queue onto the stack once it's clear, enabling seamless non-blocking operations."
자바스크립트,콜백 지옥의 발생 원인과 이를 해결하기 위해 도입된 방식들에 대해 설명해주세요,비동기 처리를 위해 콜백을 중첩 호출하며 생기는 가독성 저하를 프로미스로 해결함,중,"콜백지옥, 가독성, 비동기처리",비동기프로그래밍,Causes of Callback Hell and the methods introduced to solve it,Solves poor readability from nested callbacks using Promises,"Callback Hell, Readability, Async Processing",Asynchronous Programming,비동기 처리를 위해 콜백 함수를 무분별하게 중첩하면 코드가 복잡해지는 콜백지옥이 발생하며 가독성이 급격히 저하됩니다. 이를 해결하기 위해 프로미스나 async/await 같은 비동기처리 방식이 도입되었습니다. 이를 활용하면 비동기 로직을 선형적인 구조로 작성할 수 있어 유지보수와 에러 처리가 훨씬 수월해집니다.,"Callback Hell occurs when multiple nested callbacks make the source code difficult to read and maintain, severely reducing Readability. To overcome this, modern Async Processing patterns like Promises and async/await were introduced, allowing developers to write asynchronous logic in a more structured and sequential manner."
자바스크립트,"프로미스의 개념과 세 가지 상태인 Pending, Fulfilled, Rejected에 대해 설명해주세요",비동기 작업의 최종 성공 또는 실패를 나타내는 객체로 후속 처리 메서드 체이닝이 가능함,중,"Promise, 상태관리, 후속처리",비동기프로그래밍,"Concept of Promises and their three states: Pending, Fulfilled, and Rejected",Object representing async success/failure; allows for method chaining,"Promise, State Management, Chaining",Asynchronous Programming,"Promise는 비동기 작업의 최종 결과값을 담는 객체입니다. 현재 진행 중인 Pending, 성공한 Fulfilled, 실패한 Rejected의 세 가지 상태관리를 수행합니다. 작업이 완료되면 then, catch 등을 통한 후속처리 메서드 체이닝을 지원하여, 비동기 로직의 성공과 실패 시나리오를 깔끔하게 분리하여 관리할 수 있습니다.","A Promise is an object representing the eventual completion of an asynchronous operation. It provides robust State Management by transitioning through pending, fulfilled, or rejected states. By using Chaining with .then() and .catch(), developers can handle results or errors elegantly without deeply nesting their code."
자바스크립트,마이크로태스크 큐는 무엇이며 일반 태스크 큐와 비교했을 때 어떤 우선순위를 갖나요?,프로미스 후속 처리 등을 담당하는 별도의 큐로 일반 태스크 큐보다 먼저 실행됨,상,"마이크로태스크큐, 실행우선순위",비동기프로그래밍,What is the Microtask Queue and its priority compared to the Task Queue?,Separate queue for Promise handling; executes before the regular Task Queue,"Microtask Queue, Execution Priority",Asynchronous Programming,"마이크로태스크큐는 프로미스의 후속 처리나 MutationObserver와 같은 작업이 대기하는 전용 큐입니다. 일반적인 태스크 큐보다 실행우선순위가 높기 때문에, 이벤트 루프는 콜 스택이 비면 먼저 마이크로태스크큐에 있는 모든 작업을 처리한 뒤에야 일반 태스크 큐의 작업을 수행하여 빠른 응답성을 보장합니다.","The Microtask Queue handles high-priority tasks such as Promise resolutions. In the event loop's cycle, it has a higher Execution Priority than the regular task queue, meaning all tasks in the Microtask Queue are processed immediately after the current script execution ends and before any other task queue items."
자바스크립트,async와 await 키워드가 비동기 코드를 처리하는 방식과 프로미스와의 관계는 무엇인가요?,프로미스 기반 코드를 동기식처럼 직관적으로 작성하게 하며 처리가 끝날 때까지 실행을 중단함,중,"async, await, 프로미스기반",비동기프로그래밍,How async/await handles asynchronous code and its relationship with Promises,Writes Promise code intuitively; pauses execution until the process finishes,"async, await, Promise-based",Asynchronous Programming,"async와 await 키워드는 프로미스기반의 비동기 코드를 마치 동기 코드처럼 직관적으로 짤 수 있게 해줍니다. 함수 앞에 async를 붙이면 항상 프로미스를 반환하며, 내부에서 await을 사용하면 해당 비동기 작업이 완료될 때까지 실행을 일시 중단했다가 결과를 받아 처리하므로 복잡한 비동기 흐름을 쉽게 제어할 수 있습니다.","The async and await keywords provide a more readable way to handle Promise-based logic. By declaring a function as async, it automatically returns a promise, and the await keyword pauses the function execution until the promise is settled, making asynchronous code appear and behave more like synchronous code."
자바스크립트,자바스크립트 프로토타입의 개념과 프로토타입 체인을 통한 상속 원리를 말씀해주세요,객체가 부모 역할을 하는 프로토타입 객체로부터 속성과 메서드를 물려받아 사용하는 방식임,상,"프로토타입, 상속, 프로토타입체인",프로토타입과상속,Concept of JS Prototypes and inheritance via the Prototype Chain,Objects inherit properties/methods from a parent prototype object,"Prototype, Inheritance, Prototype Chain",Prototype & Inheritance,자바스크립트의 모든 객체는 부모 역할을 하는 프로토타입 객체와 연결되어 있습니다. 어떤 객체의 속성을 찾을 때 해당 객체에 없다면 상위 프로토타입을 따라 올라가며 검색하는 프로토타입체인을 형성합니다. 이러한 원리를 통해 자바스크립트는 클래스 없이도 강력한 객체 간 상속 기능을 구현할 수 있습니다.,"In JavaScript, every object has a link to a Prototype from which it inherits properties. The Prototype Chain is the mechanism that enables Inheritance by allowing objects to access methods defined on their parent prototypes. If a property is missing on an instance, the engine traverses the chain until the property is found or the end of the chain is reached."
자바스크립트,객체의 proto 속성과 함수의 prototype 속성의 결정적인 차이점은 무엇인가요?,__proto__는 모든 객체의 상속 참조를 나타내고 prototype은 생성자 함수의 상속 정의용임,상,"proto, prototype, 참조차이",프로토타입과상속,Critical difference between __proto__ of objects and prototype of functions,__proto__ is an instance reference; prototype is for constructor definitions,"__proto__, prototype, Reference Difference",Prototype & Inheritance,"객체의 proto 속성은 모든 객체가 자신의 상위 프로토타입을 참조하기 위해 사용하는 내부 링크인 반면, 함수의 prototype 속성은 해당 함수가 생성자로 쓰일 때 만들어질 인스턴스들의 부모가 될 객체를 정의합니다. 이 두 속성의 참조차이를 이해하는 것이 자바스크립트의 상속 모델을 파악하는 핵심입니다.","The proto property is an internal link found in all objects pointing to their actual prototype, while the prototype property is specific to functions and defines the shared blueprint for instances they create. Understanding this Reference Difference is key to mastering how objects and constructor functions interact within the inheritance model."
자바스크립트,"자바스크립트의 map, filter, reduce 메서드가 각각 배열을 처리하는 방식을 비교해주세요",요소를 변환하여 반환하거나 조건에 맞춰 추출하거나 하나의 값으로 축약하는 기능을 수행함,하,"map, filter, reduce",배열과객체다루기,"Compare how map, filter, and reduce methods process arrays","Transforms elements, filters by conditions, or reduces to a single value","map, filter, reduce",Handling Arrays & Objects,"map, filter, reduce는 자바스크립트에서 배열과객체다루기를 수행할 때 가장 핵심적인 메서드들입니다. map은 배열의 모든 요소를 하나씩 순회하며 새로운 형태의 배열로 변환하고, filter는 주어진 조건에 부합하는 요소들만 골라냅니다. 마지막으로 reduce는 배열 전체를 순회하며 누적 연산을 통해 단 하나의 결과값으로 축약하는 기능을 제공합니다.","In Handling Arrays & Objects, the map, filter, and reduce methods are fundamental for data processing. map transforms each element into a new array, while filter creates a subset based on specific conditions. Finally, reduce iterates through the array to aggregate its elements into a single output value, such as a sum or an object."
자바스크립트,객체 및 배열 구조 분해 할당을 사용하는 이유와 그 편의성에 대해 설명해주세요,복잡한 객체나 배열의 요소를 변수에 간편하게 추출하여 할당함으로써 코드 가독성을 높임,하,"구조분해할당, 코드단축, 가독성",배열과객체다루기,Reasons for using Destructuring Assignment for objects and arrays,Extracts object/array elements into variables to improve code readability,"Destructuring Assignment, Code Shortening, Readability",Handling Arrays & Objects,"구조분해할당은 객체나 배열의 값을 해체하여 개별 변수에 즉시 할당하는 문법으로, 배열과객체다루기에 있어 매우 효율적입니다. 이를 사용하면 필요한 데이터만 깔끔하게 추출할 수 있어 코드단축이 가능하며, 코드의 의도가 명확해져 전체적인 가독성이 획기적으로 향상되는 장점이 있습니다.","Destructuring Assignment allows for the extraction of values from arrays or properties from objects into distinct variables, significantly improving Readability. This technique leads to substantial Code Shortening and simplifies Handling Arrays & Objects by reducing the need for repetitive property access, making the codebase more maintainable."
자바스크립트,스프레드 연산자의 용도와 이를 활용한 객체나 배열의 복사 및 결합 방식은 무엇인가요?,개별 요소를 펼쳐서 복사하거나 합칠 때 사용하며 얕은 복사를 수행함,하,"스프레드연산자, 배열복사, 객체병합",배열과객체다루기,Uses of the Spread Operator for copying and merging objects/arrays,Used to spread elements for copying or merging; performs a shallow copy,"Spread Operator, Array Copy, Object Merge",Handling Arrays & Objects,"스프레드연산자는 마침표 세 개(...)를 사용하여 배열이나 객체의 요소를 개별적으로 펼치는 기능을 합니다. 이를 활용하면 원본을 유지하면서 새로운 배열복사를 손쉽게 수행할 수 있으며, 여러 객체를 하나로 합치는 객체병합 작업도 직관적으로 처리할 수 있어 배열과객체다루기 시 빈번하게 사용됩니다.","The Spread Operator is a powerful tool used to expand elements of an iterable into individual components. It is commonly used for Array Copy operations to create shallow copies without mutating the original, and for an efficient Object Merge where multiple properties are combined into one, streamlining the process of Handling Arrays & Objects."
자바스크립트,자바스크립트 모듈 시스템이 도입된 배경과 전역 오염 문제와의 관계를 설명해주세요,파일 단위 스코프를 제공하여 변수 이름 충돌과 전역 공간의 오염을 방지하기 위함임,중,"모듈시스템, 전역오염방지, 파일스코프",자바스크립트모듈,Background of JS Modules and their relation to global scope pollution,Provides file-level scope to prevent name collisions and global pollution,"Module System, Global Pollution Prevention, File Scope",JavaScript Modules,자바스크립트 모듈시스템은 대규모 어플리케이션 개발 시 변수 이름 충돌을 막기 위해 도입되었습니다. 각 파일을 독립적인 파일스코프로 관리함으로써 특정 파일에서 선언한 변수가 외부로 유출되지 않도록 하여 전역오염방지를 실현합니다. 이를 통해 자바스크립트모듈 간의 의존성을 명확히 관리할 수 있습니다.,"The Module System was introduced to solve the issue of naming collisions in large-scale applications by ensuring Global Pollution Prevention. By providing a dedicated File Scope for each script, JavaScript Modules keep internal logic encapsulated and only expose specific functions or variables, leading to cleaner and more organized code architecture."
자바스크립트,ES 모듈 시스템에서 default export와 named export의 사용상 차이점은 무엇인가요?,default는 파일당 하나만 가능하며 임의 명명이 가능하고 named는 정해진 이름으로만 가져옴,중,"default, named, export",자바스크립트모듈,Differences in usage between default export and named export in ES Modules,One 'default' per file (custom naming); 'named' uses specific names,"default, named, export",JavaScript Modules,"ES 모듈 시스템에서 export 방식은 크게 두 가지로 나뉩니다. default export는 파일당 단 한 번만 사용할 수 있으며 가져올 때 이름을 임의로 지정할 수 있는 반면, named export는 여러 개를 내보낼 수 있고 내보낼 때 정의한 정확한 이름으로만 가져와야 한다는 차이가 있습니다. 이러한 자바스크립트모듈 문법을 통해 기능별로 코드를 세밀하게 분리할 수 있습니다.","In JavaScript Modules, the export keyword is used in two ways: default and named. A default export allows for one primary export per file with flexible naming upon import, while named exports allow for multiple exports that must be imported using their specific, original names. This ensures clarity and structure when organizing modular code."
자바스크립트,동적 import가 필요한 상황과 이를 통해 얻을 수 있는 성능 최적화 효과는 무엇인가요?,코드 로딩을 필요한 시점으로 미뤄 초기 로딩 속도를 높이는 코드 스플리팅 기법임,상,"동적import, 성능최적화, 지연로딩",자바스크립트모듈,Scenarios for dynamic import and its performance optimization benefits,Code splitting technique that delays loading to improve initial speed,"Dynamic Import, Performance Optimization, Lazy Loading",JavaScript Modules,"동적import는 코드의 모든 부분을 한꺼번에 불러오지 않고, 실제 기능이 필요한 시점에만 모듈을 로드하는 지연 로딩 방식입니다. 이는 초기 자바스크립트모듈 전송량을 줄여주는 성능최적화 효과가 있으며, 페이지 로딩 속도를 높이기 위한 코드 스플리팅 기법으로 널리 활용됩니다.","Dynamic Import allows for on-demand module loading, which is a key strategy for Performance Optimization through Lazy Loading. By only fetching JavaScript Modules when they are actually required by the user, applications can significantly reduce their initial bundle size and improve the overall loading speed and responsiveness of the web page."
자바스크립트,브라우저가 HTML을 파싱하여 DOM을 생성하고 JS를 실행하는 과정을 단계별로 말씀해주세요,HTML을 객체 모델인 DOM으로 변환하며 스크립트 태그를 만나면 엔진이 코드를 파싱하고 실행함,중,"브라우저파싱, JS실행, 엔진동작",브라우저와자바스크립트,"Steps of browser HTML parsing, DOM creation, and JS execution",Converts HTML to DOM; JS engine parses and runs code upon script tags,"Browser Parsing, JS Execution, Engine Operation",Browser & JavaScript,브라우저파싱 과정에서 브라우저는 HTML 문서를 읽어 DOM 트리를 구축합니다. 파싱 도중 스크립트 태그를 만나면 HTML 파싱을 중단하고 자바스크립트 엔진동작을 통해 JS실행을 먼저 처리합니다. 이러한 브라우저와자바스크립트의 상호작용 방식은 웹 페이지의 로딩 순서와 성능에 큰 영향을 미칩니다.,"During Browser Parsing, the browser converts HTML into the DOM structure. When it encounters a script tag, it pauses the document parsing to prioritize JS Execution through the JavaScript Engine Operation. Understanding this interaction within Browser & JavaScript is crucial for optimizing how scripts affect the rendering and performance of a website."
자바스크립트,DOM의 정의와 자바스크립트가 DOM을 통해 HTML 요소를 조작하는 방식은 무엇인가요?,웹 페이지를 트리 구조로 표현한 인터페이스이며 요소를 탐색하여 속성이나 내용을 변경함,하,"DOM, 트리구조, 요소조작",브라우저와자바스크립트,Definition of the DOM and how JS manipulates HTML elements through it,Interface representing pages as trees; allows element search and modification,"DOM, Tree Structure, Element Manipulation",Browser & JavaScript,DOM은 웹 페이지의 콘텐츠와 구조를 객체로 표현한 트리구조 인터페이스입니다. 브라우저와자바스크립트 환경에서 자바스크립트는 이 DOM에 접근하여 텍스트를 바꾸거나 스타일을 변경하는 등 자유로운 요소조작을 수행합니다. 이를 통해 정적인 HTML 문서에 동적인 기능을 부여할 수 있습니다.,"The DOM is a programming interface that represents web documents as a Tree Structure, enabling developers to interact with the page. In the realm of Browser & JavaScript, JS uses the DOM for Element Manipulation, allowing for dynamic updates to content, attributes, and styles without requiring a full page reload."
자바스크립트,"이벤트 전파의 세 단계인 캡처링, 타깃, 버블링 단계의 흐름에 대해 설명해주세요",이벤트 발생 시 상위 요소에서 하위로 내려갔다 다시 상위로 올라가며 전파되는 과정임,상,"이벤트전파, 버블링, 캡처링",브라우저와자바스크립트,"Explain the flow of event propagation: Capturing, Target, and Bubbling",Propagation process where events travel down to the target and back up,"Event Propagation, Bubbling, Capturing",Browser & JavaScript,"이벤트전파는 웹 요소에서 이벤트가 발생했을 때 부모나 자식 요소로 신호가 전달되는 메커니즘입니다. 상위 요소에서 타깃으로 내려가는 캡처링 단계, 실제 이벤트가 발생한 타깃 단계, 그리고 다시 상위로 올라가는 버버링 단계로 구성됩니다. 브라우저와자바스크립트는 이러한 전파 과정을 활용해 효율적인 이벤트 리스닝을 지원합니다.","Event Propagation describes the journey of an event through the DOM tree. It consists of the Capturing phase, where the event travels down from the root; the target phase; and the Bubbling phase, where the event flows back up to the ancestors. Mastering this within Browser & JavaScript is essential for implementing efficient event delegation."